country,airport,airport_code
Afghanistan,Kabul Kabul International Airport(KBL),KBL
Afghanistan,Mazar-i-Sharif Mazar-i-Sharif Airport(MZR),MZR
Albania,Kukës Kukes International Airport(KFZ),KFZ
Albania,Tirana Tirana International Airport(TIA),TIA
Algeria,Adrar Adrar Airport(AZR),AZR
Algeria,Algeria Houari Boumediene Airport(ALG),ALG
Algeria,Aménas In Amenas Airport(IAM),IAM
Algeria,Annaba Rabah Bitat Airport(AAE),AAE
Algeria,Béchar Bechar Airport(CBH),CBH
Algeria,Bejaia Bejaia Airport(BJA),BJA
Algeria,Biskra Biskra Airport(BSK),BSK
Algeria,Constantine Mohammed Boudiaf International Airport(CZL),CZL
Algeria,Djanet Tiska Airport(DJG),DJG
Algeria,El Golea El Golea Airport(ELG),ELG
Algeria,El Oued Guemar Airport(ELU),ELU
Algeria,Ghardaia Noumerat Airport(GHA),GHA
Algeria,In Salah In Salah Airport(INZ),INZ
Algeria,Jijel Jijel Airport(GJL),GJL
Algeria,Laghouat Laghouat Airport(LOO),LOO
Algeria,Oran Oran Es Senia Airport(ORN),ORN
Algeria,Tlemcen Zenata-Messali El Hadj Airport(TLM),TLM
Angola,Luanda Quatro De Fevereiro Airport(LAD),LAD
Antigua and Barbuda,St. George V. C. Bird International Airport(ANU),ANU
Argentina,Buenos Aires Buenos Aires (All) (2 Airports),AEP
Argentina,Buenos Aires Jorge Newbery Airport(AEP),AEP
Argentina,Buenos Aires Ministro Pistarini International Airport(EZE),EZE
Argentina,Cordoba A. L. V. Taravella Airport(COR),COR
Argentina,El Calafate Comandante A. Tola Airport(FTE),FTE
Argentina,Iguazu Cataratas del Iguazu Airport(IGR),IGR
Argentina,Mendoza Mendoza Airport(MDZ),MDZ
Argentina,Rosario Islas Malvinas Airport(ROS),ROS
Argentina,San Carlos Bariloche San Carlos Bariloche Airport(BRC),BRC
Argentina,Ushuaia Ushuaia Airport(USH),USH
Aruba,Aruba Reina Beatrix Airport(AUA),AUA
Australia,Adelaide Adelaide International Airport(ADL),ADL
Australia,Ayers Rock Connellan Airport(AYQ),AYQ
Australia,Brisbane Brisbane Airport(BNE),BNE
Australia,Cairns Cairns International Airport(CNS),CNS
Australia,Canberra Canberra Airport(CBR),CBR
Australia,Darwin Darwin International Airport(DRW),DRW
Australia,Gold Coast Coolangatta Airport(OOL),OOL
Australia,Hamilton Island Great Barrier Reef Airport(HTI),HTI
Australia,Hobart Hobart International Airport(HBA),HBA
Australia,Launceston Launceston Airport(LST),LST
Australia,Mackay Mackay Airport(MKY),MKY
Australia,Melbourne Melbourne (All) (2 Airports),MEL
Australia,Melbourne Avalon Airport(AVV),AVV
Australia,Melbourne Melbourne-Tullamarine International Airport(MEL),MEL
Australia,Newcastle Williamtown Airport(NTL),NTL
Australia,Perth Perth Airport(PER),PER
Australia,Port Lincoln Port Lincoln Airport(PLO),PLO
Australia,Proserpine Whitsunday Coast Airport(PPP),PPP
Australia,Sunshine Coast Sunshine Coast Airport(MCY),MCY
Australia,Sydney Sydney Kingsford Smith Airport(SYD),SYD
Australia,Townsville Townsville (All) (2 Airports),TSV
Australia,Townsville Townsville International Airport(TSV),TSV
Australia,Tsewi Tsewi Airport(TSW),TSW
Austria,Bregenz Bregenz Main Railway Station(XGZ),XGZ
Austria,Graz Graz (All) (2 Airports),GRZ
Austria,Graz Graz Airport(GRZ),GRZ
Austria,Graz Graz Central Railway Station(GGZ),GGZ
Austria,Innsbruck Innsbruck (All) (2 Airports),INN
Austria,"Innsbruck Innsbruck, Innsbruck Airport(INN)",INN
Austria,Innsbruck Innsbruck Main Railway Station(IOB),IOB
Austria,Klagenfurt Klagenfurt (All) (2 Airports),KLU
Austria,Klagenfurt Klagenfurt Airport(KLU),KLU
Austria,Klagenfurt Klagenfurt Railway Station(KGV),KGV
Austria,Linz Linz Rail Station(LZS),LZS
Austria,Saint Pölten Saint Pölten Rail Station(POK),POK
Austria,Salzburg Salzburg (All) (2 Airports),SZG
Austria,Salzburg Salzburg W. A. Mozart Airport(SZG),SZG
Austria,Salzburg Salzburg Main Railway Station(ZSB),ZSB
Austria,Vienna Vienna Schwechat Airport(VIE),VIE
Austria,Vienna Vienna Rail Station(XWC),XWC
Azerbaijan,Baku Haydar Aliyev International Airport(GYD),GYD
Azerbaijan,Ganja Ganja Airport(GNJ),GNJ
Azerbaijan,Nakhchivan Nakhchivan Airport(NAJ),NAJ
Bahamas,George Town Exuma International Airport(GGT),GGT
Bahamas,Nassau Lynden Pindling International Airport(NAS),NAS
Bahamas,San Salvador Cockburn Town Airport(ZSA),ZSA
Bahrain,Bahrain Bahrain International Airport(BAH),BAH
Bangladesh,Chittagong Chittagong Airport(CGP),CGP
Bangladesh,Dhaka Dhaka Shah Jalal International Airport(DAC),DAC
Bangladesh,Sylhet Sylhet Airport(ZYL),ZYL
Barbados,Bridgetown Grantley Adams International Airport(BGI),BGI
Belarus,Minsk Minsk National Airport(MSQ),MSQ
Belgium,Antwerp Antwerp-Centraal Railway Station(ZWE),ZWE
Belgium,Brussels Brussels National Airport(BRU),BRU
Belize,Belize City Philip S. W. Goldson International Airport(BZE),BZE
Benin,Cotonou Cotonou Airport(COO),COO
Bermuda,Hamilton L.F. Wade International Airport(BDA),BDA
Bhutan,Paro Paro International Airport(PBH),PBH
Bhutan,Trashigang Yonphula Airport(YON),YON
Bolivia,La Paz El Alto International Airport(LPB),LPB
Bolivia,Santa Cruz Viru Viru International Airport(VVI),VVI
Bosnia and Herzegovina,Banja Luka Banja Luka Airport(BNX),BNX
Bosnia and Herzegovina,Mostar Mostar International Airport(OMO),OMO
Bosnia and Herzegovina,Sarajevo Sarajevo International Airport(SJJ),SJJ
Bosnia and Herzegovina,Tuzla Tuzla International Airport(TZL),TZL
Botswana,Gaborone Gaborone Airport(GBE),GBE
Botswana,Kasane Kasane International Airport(BBK),BBK
Botswana,Maun Maun Airport(MUB),MUB
Brazil,Alegrete G.Machado Ramos Airport(ALQ),ALQ
Brazil,Alta Floresta Oswaldo Marques Dias Airport(AFL),AFL
Brazil,Altamira Altamira Airport(ATM),ATM
Brazil,Aracaju Santa Maria Airport(AJU),AJU
Brazil,Aracatuba Dario Guarita Airport(ARU),ARU
Brazil,Aripuana Aripuana Airport(AIR),AIR
Brazil,Barcelos Barcelos Airport(BAZ),BAZ
Brazil,Barreiras Barreiras Airport(BRA),BRA
Brazil,Barreirinhas Barreirinhas Airport(BRB),BRB
Brazil,Belem Val de Cans International Airport(BEL),BEL
Brazil,Belo Horizonte Tancredo Neves International Airport(CNF),CNF
Brazil,Boa Vista A.B. Cantanhede International Airport(BVB),BVB
Brazil,Bonito Bonito Airport(BYO),BYO
Brazil,Brasilia Juscelino Kubitschek International Airport(BSB),BSB
Brazil,Cabo Frio Cabo Frio International Airport(CFB),CFB
Brazil,Cajazeiras Cajazeiras Airport(CJZ),CJZ
Brazil,Caldas Novas Nelson R. Guimaraes Airport(CLV),CLV
Brazil,Campina Grande Joao Suassuna Airport(CPV),CPV
Brazil,Campinas Viracopos-Campinos International Airport(VCP),VCP
Brazil,Campo Grande Campo Grande International Airport(CGR),CGR
Brazil,Campos dos Goytacazes Bartolomeu Lisandro Airport(CAW),CAW
Brazil,Caruaru Oscar Laranjeiras Airport(CAU),CAU
Brazil,Chapecó Serafin Enoss Bertaso Airport(XAP),XAP
Brazil,Coari Coari Airport(CIZ),CIZ
Brazil,Correia Reg do Planalto Serano Airport(EEA),EEA
Brazil,Crateus Aeroporto De Crateus Airport(JCS),JCS
Brazil,Cruz Jericoacoara Airport(JJD),JJD
Brazil,Cuiaba Marechal Rondon International Airport(CGB),CGB
Brazil,Cunnamulla Cunnamulla Airport(CMA),CMA
Brazil,Curitiba Afonso Pena International Airport(CWB),CWB
Brazil,Eirunepe Amaury Feitosa Tomaz Airport(ERN),ERN
Brazil,Feira de Santana Joao Durval Carneiro Airport(FEC),FEC
Brazil,Florianopolis Hercilio Luz International Airport(FLN),FLN
Brazil,Fortaleza Pinto Martins International Airport(FOR),FOR
Brazil,Foz do Iguacu Foz do Iguacu / Cataratas International Airport(IGU),IGU
Brazil,Garanhuns Garanhuns Airport(QGP),QGP
Brazil,Goiania Santa Genoveva Airport(GYN),GYN
Brazil,Governador Valadares A.Machado Oliveira Airport(GVR),GVR
Brazil,Guaira Guaira Airport(GGJ),GGJ
Brazil,Guanambi Guanambi Airport(GNM),GNM
Brazil,Iguatu Iguatu Airport(QIG),QIG
Brazil,Ilheus Jorge Amado Airport(IOS),IOS
Brazil,Imperatriz Renato Moreira Airport(IMP),IMP
Brazil,Ipatinga Usiminas Airport(IPN),IPN
Brazil,Ji-Parana Jose Coleto Airport(JPR),JPR
Brazil,Joao Pessoa Castro Pinto International Airport(JPA),JPA
Brazil,Joinville Lauro Carneiro Loyola Airport(JOI),JOI
Brazil,Juazeiro do Norte Orlando Bezerra de Menezes Airport(JDO),JDO
Brazil,Juiz de Fora Presidente I. Franco Airport(IZA),IZA
Brazil,Labrea Labrea Airport(LBR),LBR
Brazil,Lencois Horacio de Mattos Airport(LEC),LEC
Brazil,Londrina Jose Richa Airport(LDB),LDB
Brazil,Maceio Zumbi dos Palmares International Airport(MCZ),MCZ
Brazil,Manaus Eduardo Gomes International Airport(MAO),MAO
Brazil,Maraba Joao Correa da Rocha Airport(MAB),MAB
Brazil,Marilia Frank M. Milenkowichi Airport(MII),MII
Brazil,Maringá Sílvio Name Júnior Regional Airport(MGF),MGF
Brazil,Maues Maues Airport(MBZ),MBZ
Brazil,Monte Alegre Monte Alegre Airport(MTE),MTE
Brazil,Monte Dourado Serra do Areao Airport(MEU),MEU
Brazil,Montes Claros Montes Claros/Mário Ribeiro Airport(MOC),MOC
Brazil,Mossoro Dix-Sept Rosado Airport(MVF),MVF
Brazil,Natal Natal International Airport(NAT),NAT
Brazil,Navegantes Victor Konder International Airport(NVT),NVT
Brazil,Palmas Lysias Rodrigues Airport(PMW),PMW
Brazil,Paracatu Paracatu Airport(PYT),PYT
Brazil,Paragominas Paragominas Airport(JPE),JPE
Brazil,Parnaiba Joao Silva Filho International Airport(PHB),PHB
Brazil,Passo Fundo Lauro Kurtz Airport(PFB),PFB
Brazil,Pato Branco J.Loureiro Cardoso Airport(PTO),PTO
Brazil,Patos de Minas P.Pereira dos Santos Airport(POJ),POJ
Brazil,Patos de Paraiba Brigadeiro Firmino Ayres Airport(JPO),JPO
Brazil,Paulo Afonso Paulo Afonso Airport(PAV),PAV
Brazil,Pelotas Pelotas International Airport(PET),PET
Brazil,Ponta Grossa A.Amilton Beraldo Airport(PGZ),PGZ
Brazil,Porto Alegre Salgado Filho International Airport(POA),POA
Brazil,Porto Seguro Porto Seguro Airport(BPS),BPS
Brazil,Porto Velho J.T. de Oliveira International Airport(PVH),PVH
Brazil,Recife Guararapes International Airport(REC),REC
Brazil,Ribeirao Preto Leite Lopes Airport(RAO),RAO
Brazil,Rio Branco Placido de Castro Airport(RBR),RBR
Brazil,Rio De Janeiro Rio De Janeiro (All) (2 Airports),SDU
Brazil,Rio de Janeiro Galeao Antonio Carlos Jobim International Airport(GIG),GIG
Brazil,Rio de Janeiro Jacarepagua Airport(RRJ),RRJ
Brazil,Rio De Janeiro Santos Dumont Airport(SDU),SDU
Brazil,Rondonopolis Maestro Marinho Franco Airport(ROO),ROO
Brazil,Salinas Aeroporto Municipal de Salinas Airport(IAL),IAL
Brazil,Salvador Luis Eduardo Magalhaes International Airport(SSA),SSA
Brazil,Santa Cruz do Sul Santa Cruz do Sul Airport(CSU),CSU
Brazil,Santa Isabel Rio Negro Tapuruquara Airport(IRZ),IRZ
Brazil,Santa Maria Santa Maria Airport(RIA),RIA
Brazil,Santarem Maestro Wilson Fonseca Airport(STM),STM
Brazil,Santa Rosa Luis Alberto Lehr Airport(SRA),SRA
Brazil,Santo Angelo Sepe Tiaraju Airport(GEL),GEL
Brazil,Sao Benedito Walfrido Salmito de Almeida Airport(JSB),JSB
Brazil,Sao Gabriel Cachoeira Sao Gabriel Cachoeira Airport(SJL),SJL
Brazil,São José Do Rio Preto Eribelto Manoel Reino Airport(SJP),SJP
Brazil,Sao Luis Cunha Machado International Airport(SLZ),SLZ
Brazil,Sao Paulo Sao Paulo (All) (3 Airports),CGH
Brazil,Sao Paulo Congonhas Airport(CGH),CGH
Brazil,Sao Paulo Sao Paulo Guarulhos Airport(GRU),GRU
Brazil,Sao Paulo Metropolitan Area Airport(SAO),SAO
Brazil,Tefe Tefe Airport(TFF),TFF
Brazil,Telemaco Borba Telemaco Borba Airport(TEC),TEC
Brazil,Teresina Senador Petrônio Portella Airport(THE),THE
Brazil,Tres Lagoas Plinio Alarcom Airport(TJL),TJL
Brazil,Uberlandia Cesar Bombonato Airport(UDI),UDI
Brazil,Umuarama Orlando de Carvalho Airport(UMU),UMU
Brazil,Uniao da Vitoria Uniao da Vitoria Airport(UVI),UVI
Brazil,Uruguaiana Rubem Berta International Airport(URG),URG
Brazil,Varginha Maj. Brig. Trompowsky Airport(VAG),VAG
Brazil,Vilhena Brigadeiro Camarao Airport(BVH),BVH
Brazil,Vitoria Eurico de Aguiar Salles Airport(VIX),VIX
Brunei Darussalam,Bandar Seri Begawan Bandar Seri Begawan Airport(BWN),BWN
Bulgaria,Sofia Sofia Airport(SOF),SOF
Bulgaria,Varna Varna Airport(VAR),VAR
Burkina Faso,Ouagadougou Ouagadougou Airport(OUA),OUA
Burundi,Bujumbura Bujumbura Airport(BJM),BJM
Cambodia,Phnom Penh Phnom Penh International Airport(PNH),PNH
Cambodia,Siem Reap-Angkor Siem Reap Angkor International Airport(SAI),SAI
Cambodia,Sihanoukville Sihanouk International Airport(KOS),KOS
Cameroon,Douala Douala International Airport(DLA),DLA
Cameroon,Yaounde Yaounde Nsimalen International Airport(NSI),NSI
Canada,Abbotsford Abbotsford International Airport(YXX),YXX
Canada,Bagotville Bagotville Airport(YBG),YBG
Canada,Bathurst Bathurst Airport(ZBF),ZBF
Canada,Calgary Calgary Airport(YYC),YYC
Canada,Charlottetown Charlottetown Airport(YYG),YYG
Canada,Comox Comox Airport(YQQ),YQQ
Canada,Cranbrook Canadian Rockies International Airport(YXC),YXC
Canada,Deer Lake Deer Lake Regional Airport(YDF),YDF
Canada,Edmonton Edmonton International Airport(YEG),YEG
Canada,Fort McMurray Fort McMurray Airport(YMM),YMM
Canada,Fort St.John North Peace Airport(YXJ),YXJ
Canada,Fredericton Fredericton International Airport(YFC),YFC
Canada,Gander Gander International Airport(YQX),YQX
Canada,Goose Bay Goose Bay Airport(YYR),YYR
Canada,Grande Prairie Grande Prairie Airport(YQU),YQU
Canada,Halifax Halifax Stanfield International Airport(YHZ),YHZ
Canada,Hamilton Hamilton (All) (3 Airports),YHM
Canada,Hamilton John C. Munro Hamilton Airport(YHM),YHM
Canada,Iles de la Madeleine Iles de la Madeleine Airport(YGR),YGR
Canada,Kamloops Kamloops Airport(YKA),YKA
Canada,Kelowna Kelowna International Airport(YLW),YLW
Canada,Kingston Norman Rogers Airport(YGK),YGK
Canada,London London International Airport(YXU),YXU
Canada,Moncton Greater Moncton International Airport(YQM),YQM
Canada,Mont-Joli Mont-Joli Airport(YYY),YYY
Canada,Montreal Montreal–Pierre Elliott Trudeau International Airport(YUL),YUL
Canada,Nanaimo Nanaimo Airport(YCD),YCD
Canada,North Bay Jack Garland Airport(YYB),YYB
Canada,Ottawa Ottawa Macdonald-Cartier International Airport(YOW),YOW
Canada,Prince Rupert Prince Rupert Airport(YPR),YPR
Canada,Quebec Quebec Jean Lesage International Airport(YQB),YQB
Canada,Red Deer Red Deer Regional Airport(YQF),YQF
Canada,Regina Regina International Airport(YQR),YQR
Canada,Rouyn-Noranda Rouyn-Noranda Airport(YUY),YUY
Canada,Saint John Saint John Airport(YSJ),YSJ
Canada,Sandspit Sandspit Airport(YZP),YZP
Canada,Sarnia Chris Hadfield Airport(YZR),YZR
Canada,Saskatoon John G. Diefenbaker International Airport(YXE),YXE
Canada,Sault Ste. Marie Sault Ste. Marie Airport(YAM),YAM
Canada,Sept iles Sept-iles Airport(YZV),YZV
Canada,St John's St John's International Airport(YYT),YYT
Canada,Sudbury Sudbury Airport(YSB),YSB
Canada,Sydney J. A. Douglas McCurdy Airport(YQY),YQY
Canada,Terrace Northwest Regional Airport(YXT),YXT
Canada,Thunder Bay Thunder Bay International Airport(YQT),YQT
Canada,Timmins Victor M. Power Airport(YTS),YTS
Canada,Toronto Billy Bishop City Airport(YTZ),YTZ
Canada,Toronto Toronto Lester B. Pearson International Airport(YYZ),YYZ
Canada,Val d'Or Val d'Or Airport(YVO),YVO
Canada,Vancouver Vancouver International Airport(YVR),YVR
Canada,Victoria Victoria International Airport(YYJ),YYJ
Canada,Whitehorse Erik Nielsen International Airport(YXY),YXY
Canada,Windsor Windsor Airport(YQG),YQG
Canada,Winnipeg James Armstrong Richards International Airport(YWG),YWG
Cape Verde,Boa Vista Aristides Pereira International Airport(BVC),BVC
Cape Verde,Praia Praia International Airport(RAI),RAI
Cape Verde,Sal Amilcar Cabral International Airport(SID),SID
Cape Verde,Sao Vicente Cesaria Evora International Airport(VXE),VXE
Caribbean Netherlands,Kralendjik Flamingo International Airport(BON),BON
Caribbean Netherlands,Saba Juancho E. Yrausquin Airport(SAB),SAB
Caribbean Netherlands,Sint Eustatius F. D. Roosevelt Airport(EUX),EUX
Cayman Islands,Grand Cayman Owen Roberts International Airport(GCM),GCM
Central African Republic,Bangui Bangui Airport(BGF),BGF
Chad,N'djamena N’djamena Airport(NDJ),NDJ
Chile,Antofagasta Cerro Moreno Airport(ANF),ANF
Chile,Balmaceda Balmaceda Airport(BBA),BBA
Chile,Calama El Loa Airport(CJC),CJC
Chile,Concepcion Carriel Sur Airport(CCP),CCP
Chile,Copiapo Desierto de Atacama Airport(CPO),CPO
Chile,Easter Island Mataveri International Airport(IPC),IPC
Chile,Iquique Diego Aracena Airport(IQQ),IQQ
Chile,La Serena La Florida Airport(LSC),LSC
Chile,Los Angeles Maria Dolores Airport(LSQ),LSQ
Chile,Osorno Canal Bajo Airport(ZOS),ZOS
Chile,Puerto Montt El Tepual Airport(PMC),PMC
Chile,Punta Arenas C.Ibanez del Campo Airport(PUQ),PUQ
Chile,Santiago Arturo Merino Benitez Airport(SCL),SCL
Chile,Temuco La Araucania Airport(ZCO),ZCO
Chile,Valdivia Pichoy Airport(ZAL),ZAL
China,Baotou Baotou Airport(BAV),BAV
China,Beihai Beihai Airport(BHY),BHY
China,Beijing Bejing Capital International Airport(PEK),PEK
China,Changchun Changchun Airport(CGQ),CGQ
China,Changde Taohuayuan Airport(CGD),CGD
China,Changsha Changsha Airport(CSX),CSX
China,Changzhi Changzhi Airport(CIH),CIH
China,Changzhou Changzhou Airport(CZX),CZX
China,Chengdu Chengdu Tianfu International Airport(TFU),TFU
China,Chongqing Chongqing Airport(CKG),CKG
China,Dalian Dalian Airport(DLC),DLC
China,Dayong Zhangjiajie Airport(DYG),DYG
China,Dongying Dongying Airport(DOY),DOY
China,Fuzhou Fuzhou Airport(FOC),FOC
China,Ganzhou Ganzhou Airport(KOW),KOW
China,Guangzhou Guangzhou Baiyun International Airport(CAN),CAN
China,Guilin Guilin Airport(KWL),KWL
China,Guiyang Guiyang Airport(KWE),KWE
China,Guyuan Guyuan Liupanshan Airport(GYU),GYU
China,Haikou Haikou Airport(HAK),HAK
China,Hailar Hailar Airport(HLD),HLD
China,Hangzhou Hangzhou Airport(HGH),HGH
China,Hanzhong Hanzhong Airport(HZG),HZG
China,Harbin Harbin Airport(HRB),HRB
China,Hefei Hefei Airport(HFE),HFE
China,Hohhot Hohhot Airport(HET),HET
China,Huai'An Huai'an Airport(HIA),HIA
China,Huangyan Luqiao Airport(HYN),HYN
China,Huizhou Huizhou Airport(HUZ),HUZ
China,Jinan Jinan Airport(TNA),TNA
China,Jingdezhen Jingdezhen Airport(JDZ),JDZ
China,Jinjiang Quanzhou Airport(JJN),JJN
China,Kunming Kunming Airport(KMG),KMG
China,Lanzhou Lanzhou Zhongchuan Airport(LHW),LHW
China,Lijiang City Lijiang Airport(LJG),LJG
China,LONGYAN Longyan Guanzhishan Airport(LCX),LCX
China,Mian Yang Mianyang Airport(MIG),MIG
China,Nanchang Nanchang Airport(KHN),KHN
China,Nanjing Nanjing Airport(NKG),NKG
China,Nanning Nanning Airport(NNG),NNG
China,Nantong Nantong Airport(NTG),NTG
China,Ningbo Ningbo Airport(NGB),NGB
China,Qingdao Qingdao Airport(TAO),TAO
China,Sanming Shehdi Airport(SQJ),SQJ
China,Sanya Sanya Airport(SYX),SYX
China,Shanghai Shanghai (All) (2 Airports),SHA
China,Shanghai Shanghai Pudong International Airport(PVG),PVG
China,Shanghai Shanghai Hongqiao International Airport(SHA),SHA
China,Shantou Shantou Airport(SWA),SWA
China,Shenyang Shenyang Airport(SHE),SHE
China,Shenzhen Shenzhen Airport(SZX),SZX
China,Taiyuan Taiyuan Airport(TYN),TYN
China,Tianjin Tianjin Airport(TSN),TSN
China,Tongliao Tongliao Airport(TGO),TGO
China,Tunxi Huangshan Airport(TXN),TXN
China,Urumqi Urumqi Airport(URC),URC
China,Weihai Weihai Airport(WEH),WEH
China,Wenzhou Wenzhou Airport(WNZ),WNZ
China,Wuxi Wuxi Airport(WUX),WUX
China,Xi'an Xianyang International Airport(XIY),XIY
China,Xiamen Gaoqi International Airport(XMN),XMN
China,Xining Xining Airport(XNN),XNN
China,Yantai Yantai Airport(YNT),YNT
China,Yibin Yibin Airport(YBP),YBP
China,Yinchuan Yinchuan Airport(INC),INC
China,Yiwu Yiwu Airport(YIW),YIW
China,Zhanjiang Zhanjiang Airport(ZHA),ZHA
China,Zhengzhou Zhengzhou Airport(CGO),CGO
China,Zhongwei Zhongwei Shapotou Airport(ZHY),ZHY
China,Zhoushan Zhoushan Airport(HSN),HSN
China,Zhuhai Zhuhai Airport(ZUH),ZUH
Colombia,Armenia El Edén International Airport(AXM),AXM
Colombia,Barrancabermeja Yariguíes Airport(EJA),EJA
Colombia,Barranquilla Ernesto Cortissoz International Airport(BAQ),BAQ
Colombia,Bogota El Dorado International Airport(BOG),BOG
Colombia,Bucaramanga Palonegro International Airport(BGA),BGA
Colombia,Cali Alfonso Bonilla Aragon International Airport(CLO),CLO
Colombia,Cartagena Rafael Nunez International Airport(CTG),CTG
Colombia,Cúcuta Camilo Daza International Airport(CUC),CUC
Colombia,Ibagué Perales Airport(IBE),IBE
Colombia,Leticia Leticia Airport(LET),LET
Colombia,Manizales La Nubia Airport(MZL),MZL
Colombia,Medellin Jose Maria Cordova International Airport(MDE),MDE
Colombia,Montería Los Garzones Airport(MTR),MTR
Colombia,Neiva Benito Salas Airport(NVA),NVA
Colombia,Pasto Antonio Narino Airport(PSO),PSO
Colombia,Pereira Matecana International Airport(PEI),PEI
Colombia,Popayán Guillermo León Valencia Airport(PPN),PPN
Colombia,Riohacha Almirante Padilla Airport(RCH),RCH
Colombia,San Andres Island Gustavo Rojas Pinilla International Airport(ADZ),ADZ
Colombia,Santa Marta Simon Bolivar International Airport(SMR),SMR
Colombia,Valledupar Alfonso López Pumarejo Airport(VUP),VUP
Colombia,Villavicencio Villavicencio Airport(VVC),VVC
Colombia,Yopal El Alcaravan Airport(EYP),EYP
Comoros,Moroni Moroni Prince Said Ibrahim International Airport(HAH),HAH
Congo,Brazzaville Maya-Maya Airport(BZV),BZV
Congo,Pointe-Noire Pointe Noire Airport(PNR),PNR
Cook Islands,Rarotonga Rarotonga Island Airport(RAR),RAR
Costa Rica,Liberia Daniel Oduber Quiros International Airport(LIR),LIR
Costa Rica,San Jose San Jose International Airport(SJO),SJO
Cote d'Ivoire,Abidjan Felix Houphouet Boigny International Airport(ABJ),ABJ
Croatia,Brac Brac Airport(BWK),BWK
Croatia,Dubrovnik Dubrovnik Airport(DBV),DBV
Croatia,Pula Pula Airport(PUY),PUY
Croatia,Split Split Airport(SPU),SPU
Croatia,Zadar Zadar Airport(ZAD),ZAD
Croatia,Zagreb Zagreb Airport(ZAG),ZAG
Cuba,Cayo Coco Jardines del Rey Airport(CCC),CCC
Cuba,Havana Havana Jose Marti International Airport(HAV),HAV
Cuba,Holguin Frank Pais International Airport(HOG),HOG
Cuba,Santa Clara Abel Santamaría Airport(SNU),SNU
Cuba,Varadero Juan Gualberto Gómez Airport(VRA),VRA
Curacao,Curaçao Hato International Airport(CUR),CUR
Czechia,Brno Brno (All) (2 Airports),BRQ
Czechia,Brno Brno Turany Airport(BRQ),BRQ
Czechia,Brno Brno Central Railway Station(ZDN),ZDN
Czechia,Ostrava Ostrava Railway Station(XJV),XJV
Czechia,Prague Prague Vaclav Havel Airport(PRG),PRG
Democratic Republic of Congo,Kinshasa N'djili International Airport(FIH),FIH
Democratic Republic of Congo,Lubumbashi Lubumbashi International Airport(FBM),FBM
Denmark,Aalborg Aalborg Airport(AAL),AAL
Denmark,Aarhus Aarhus Airport(AAR),AAR
Denmark,Billund Billund Airport(BLL),BLL
Denmark,Copenhagen Copenhagen Kastrup Airport(CPH),CPH
Djibouti,Djibouti Djibouti-Ambouli International Airport(JIB),JIB
Dominican Republic,La Romana Casa de Campo International Airport(LRM),LRM
Dominican Republic,Puerto Plata Gregorio Luperón International Airport(POP),POP
Dominican Republic,Punta Cana Punta Cana International Airport(PUJ),PUJ
Dominican Republic,Samana El Catey Airport(AZS),AZS
Dominican Republic,Santiago Cibao International Airport(STI),STI
Dominican Republic,Santo Domingo Las Americas International Airport(SDQ),SDQ
Ecuador,Baltra Island Seymour Airport(GPS),GPS
Ecuador,Guayaquil Jose Joaquin de Olmedo International Airport(GYE),GYE
Ecuador,Quito Mariscal Sucre International Airport(UIO),UIO
Egypt,Alexandria Borg El Arab Airport(HBE),HBE
Egypt,Aswan Aswan Daraw Airport(ASW),ASW
Egypt,Asyut Asyut Airport(ATZ),ATZ
Egypt,Cairo Cairo International Airport(CAI),CAI
Egypt,Giza Sphinx International Airport(SPX),SPX
Egypt,Hurghada Hurgada International Airport(HRG),HRG
Egypt,Luxor Luxor Airport(LXR),LXR
Egypt,Sharm El Sheikh Sharm El Sheikh International Airport(SSH),SSH
El Salvador,San Salvador El Salvador International Airport(SAL),SAL
Equatorial Guinea,Malabo Malabo International Airport(SSG),SSG
Eritrea,Asmara Asmara International Airport(ASM),ASM
Estonia,Tallinn Lennart Meri Tallinn Airport(TLL),TLL
Estonia,Tartu Ulenurme Airport(TAY),TAY
Ethiopia,Addis Ababa Bole International Airport(ADD),ADD
Ethiopia,Arba Mintch Arba Minch Airport(AMH),AMH
Ethiopia,Asosa Asosa Airport(ASO),ASO
Ethiopia,Axum Axum Airport(AXU),AXU
Ethiopia,Bahar Dar Bahar Dar Airport(BJR),BJR
Ethiopia,Dire Dawa Dire Dawa Airport(DIR),DIR
Ethiopia,Gambela Gambela Airport(GMB),GMB
Ethiopia,Gondar Gonder Airport(GDQ),GDQ
Ethiopia,Indaselassie Inda Selassie Airport(SHC),SHC
Ethiopia,Jijiga Jijiga Airport(JIJ),JIJ
Ethiopia,Jimma Jimma Airport(JIM),JIM
Ethiopia,Kabri Dar Kebri Dehar Airport(ABK),ABK
Ethiopia,Lalibela Lalibela Airport(LLI),LLI
Ethiopia,Makale Mekele Airport(MQX),MQX
Ethiopia,Semera Semera Airport(SZE),SZE
Faroe Islands,Faroe Islands Faroe Islands Airport(FAE),FAE
Fiji,Bijie Bijie Airport(BFJ),BFJ
Fiji,Nadi Nadi International Airport(NAN),NAN
Finland,Helsinki Helsinki-Vantaa Airport(HEL),HEL
Finland,Ivalo Ivalo Airport(IVL),IVL
Finland,Joensuu Joensuu Airport(JOE),JOE
Finland,Jyvaskyla Jyvaskyla Airport(JYV),JYV
Finland,Kajaani Kajaani Airport(KAJ),KAJ
Finland,Kemi/Tornio Kemi/Tornio Airport(KEM),KEM
Finland,Kittila Kittila Airport(KTT),KTT
Finland,Kokkola/Pietarsaari Kruunupyy Airport(KOK),KOK
Finland,Kuopio Kuopio Airport(KUO),KUO
Finland,Kuusamo Kuusamo Airport(KAO),KAO
Finland,Mariehamn Mariehamn Airport(MHQ),MHQ
Finland,Oulu Oulu Airport(OUL),OUL
Finland,Rovaniemi Rovaniemi Airport(RVN),RVN
Finland,Tampere Tampere-Pirkkala Airport(TMP),TMP
Finland,Turku Turku Airport(TKU),TKU
Finland,Vaasa Vaasa Airport(VAA),VAA
France,Biarritz/Anglet/Bayonne Pays Basque Airport(BIQ),BIQ
France,Bordeaux Bordeaux-Merignac Airport(BOD),BOD
France,Lille Lille Lesquin Airport(LIL),LIL
France,Lyon Saint Exupery Airport(LYS),LYS
France,Marseille Marseille Provence (Marignane) Airport(MRS),MRS
France,Metz/Nancy Metz/Nancy Lorraine Airport(ETZ),ETZ
France,Montpellier Mediterranee Airport(MPL),MPL
France,Nantes Nantes Atlantique Airport(NTE),NTE
France,Nice Cote D'Azur International Airport(NCE),NCE
France,Paris Charles De Gaulle Airport(CDG),CDG
France,Toulouse Toulouse Blagnac Airport(TLS),TLS
Gabonese Republic,Libreville Libreville Leon M'ba International Airport(LBV),LBV
Gambia,Banjul Banjul International Airport(BJL),BJL
Georgia,Batumi Batum Airport(BUS),BUS
Georgia,Tbilisi Tbilisi Airport(TBS),TBS
Germany,Berlin Berlin Brandenburg Airport(BER),BER
Germany,Bremen Bremen Airport(BRE),BRE
Germany,Cologne Cologne Bonn Airport(CGN),CGN
Germany,Dresden Dresden Airport(DRS),DRS
Germany,Dusseldorf Dusseldorf Rhein Ruhr International Airport(DUS),DUS
Germany,Frankfurt Frankfurt Airport(FRA),FRA
Germany,Friedrichshafen Friedrichshafen Airport(FDH),FDH
Germany,Hamburg Hamburg Fuhlsbuttel Airport(HAM),HAM
Germany,Hannover Hannover Airport(HAJ),HAJ
Germany,Leipzig Leipzig/Halle Airport(LEJ),LEJ
Germany,Munich Munich Franz Josef Strauss Airport(MUC),MUC
Germany,Nuremberg Nuremberg Airport(NUE),NUE
Germany,Stuttgart Stuttgart Airport(STR),STR
Ghana,Accra Kotoka International Airport(ACC),ACC
Greece,Alexandroupolis Alexandroupolis Airport(AXD),AXD
Greece,Athens Athens Elefterios Venizelos International Airport(ATH),ATH
Greece,Chios Island Chios Airport(JKH),JKH
Greece,Crete Island Sitia Airport(JSH),JSH
Greece,Heraklion Nikos Kazantzakis Airport(HER),HER
Greece,Ikaria Island Ikaria Island Airport(JIK),JIK
Greece,Ioannina Ioannina Airport(IOA),IOA
Greece,Kalamata Kalamata Airport(KLX),KLX
Greece,Karpathos Karpathos Airport(AOK),AOK
Greece,Kastelorizo Island Kastelorizo Airport(KZS),KZS
Greece,Kavala Kavala Airport(KVA),KVA
Greece,Kefallinia Kefallinia Airport(EFL),EFL
Greece,Kerkyra Kerkyra Airport(CFU),CFU
Greece,Kithira Island Kithira Airport(KIT),KIT
Greece,Kos Kos Airport(KGS),KGS
Greece,Lemnos Limnos Airport(LXS),LXS
Greece,Leros Island Leros Airport(LRS),LRS
Greece,Milos Island Milos Airport(MLO),MLO
Greece,Mykonos Mykonos Airport(JMK),JMK
Greece,Mytilini Mytilini Airport(MJT),MJT
Greece,Naxos Island Naxos Is Airport(JNX),JNX
Greece,Paros Island Paros Airport(PAS),PAS
Greece,Preveza/Lefkada Preveza/Lefkada Airport(PVK),PVK
Greece,Rhodes Rhodes Airport(RHO),RHO
Greece,Samos Island Samos Airport(SMI),SMI
Greece,Santorini Island Santorini Airport(JTR),JTR
Greece,Skiathos Skiathos Airport(JSI),JSI
Greece,Skiros Island Skiros Airport(SKU),SKU
Greece,Souda Ioannis Daskalogiannis Airport(CHQ),CHQ
Greece,Thessaloniki Thessaloniki Macedonia Airport(SKG),SKG
Greece,Zakinthos Island Zakinthos Island Airport(ZTH),ZTH
Grenada,Grenada Maurice Bishop International Airport(GND),GND
Guadeloupe,Pointe-a-Pitre Le Raizet Airport(PTP),PTP
Guam,Guam Antonio B. Won Pat International Airport(GUM),GUM
Guatemala,Guatemala La Aurora International Airport(GUA),GUA
Guinea,Conakry Conakry Airport(CKY),CKY
Guinea-Bissau,Bissau Bissau Airport(OXB),OXB
Guyana,Georgetown Cheddi Jagan International Airport(GEO),GEO
Haiti,Port-au-Prince Toussaint Louverture Airport(PAP),PAP
Honduras,San Pedro Sula Ramon Villeda Morales International Airport(SAP),SAP
Honduras,Tegucigalpa Toncontín International Airport(TGU),TGU
Hong Kong - SAR of China,Hong Kong Hong Kong International Airport(HKG),HKG
Hungary,Budapest Budapest Ferenc Liszt International Airport(BUD),BUD
Hungary,Gyor Gyor Railway Station(QGY),QGY
Iceland,Reykjavík Keflavik International Airport(KEF),KEF
India,Ahmedabad Ahmedabad International Airport(AMD),AMD
India,Amritsar Sri Guru Ram Dass Jee Airport(ATQ),ATQ
India,Aurangabad Aurangabad Airport(IXU),IXU
India,Bangalore Bangalore International Airport(BLR),BLR
India,Bhopal Bhopal Airport(BHO),BHO
India,Bhuj Shyamji Krishna Verma Airport(BHJ),BHJ
India,Calcutta Netaji Subhas Chandra Bose Airport(CCU),CCU
India,Chandigarh Chandigarh Airport(IXC),IXC
India,Coimbatore Coimbatore Airport(CJB),CJB
India,Delhi Indira Gandhi International Airport(DEL),DEL
India,Goa Goa Airport(GOI),GOI
India,Hyderabad Rajiv Gandhi International Airport(HYD),HYD
India,Indore Indore Airport(IDR),IDR
India,Jaipur Jaipur Airport(JAI),JAI
India,Jamnagar Jamnagar Airport(JGA),JGA
India,Kochi Kochi International Airport(COK),COK
India,Kozhikode Kozhikode Airport(CCJ),CCJ
India,Lucknow Lucknow Airport(LKO),LKO
India,Madras Chennai International Airport(MAA),MAA
India,Madurai Madurai Airport(IXM),IXM
India,Mangalore Mangalore Airport(IXE),IXE
India,Mumbai Chhatrapati Shivaji International Airport(BOM),BOM
India,Nagpur Nagpur Airport(NAG),NAG
India,Patna Patna Airport(PAT),PAT
India,Pune Pune Airport(PNQ),PNQ
India,Thiruvananthapuram Trivandrum International Airport(TRV),TRV
India,Tiruchirappalli Tiruchirappalli International Airport(TRZ),TRZ
India,Udaipur Udaipur Airport(UDR),UDR
India,Vadodara Vadodara Airport(BDQ),BDQ
India,Varanasi Varanasi Airport(VNS),VNS
India,Vishakhapatnam Vishakhapatnam Airport(VTZ),VTZ
Indonesia,Ambon Pattimura Airport(AMQ),AMQ
Indonesia,Banda Aceh Sultan Iskandar Muda Airport(BTJ),BTJ
Indonesia,Bandar Lampung-Sumatra Island Radin Inten II Airport(TKG),TKG
Indonesia,Bandung Husein Sastranegara Airport(BDO),BDO
Indonesia,Banjarmasin-Borneo Island Syamsudin Noor Airport(BDJ),BDJ
Indonesia,Batam Island Hang Nadim Airport(BTH),BTH
Indonesia,Batu Licin-Borneo Island Batu Licin Airport(BTW),BTW
Indonesia,Bengkulu-Sumatra Island Fatmawati Soekarno Airport(BKS),BKS
Indonesia,Denpasar - Bali Ngurah Rai Airport(DPS),DPS
Indonesia,Jakarta Soekarno-Hatta International Airport(CGK),CGK
Indonesia,Jambi-Sumatra Island Sultan Thaha Airport(DJB),DJB
Indonesia,Jayapura-Papua Island Sentani Airport(DJJ),DJJ
Indonesia,Kotamadya Balikpapan Sepinggan Airport(BPN),BPN
Indonesia,Labuan Bajo Komodo Airport(LBJ),LBJ
Indonesia,"Lombok, ID-NB, Indonesia Lombok International Airport(LOP)",LOP
Indonesia,Majalengka Kertajati International Airport(KJT),KJT
Indonesia,Malang-Java Island Abdul Rachman Saleh Airport(MLG),MLG
Indonesia,Manado-Celebes Island Sam Ratulangi Airport(MDC),MDC
Indonesia,Medan Medan (All) (2 Airports),KNO
Indonesia,Medan Kuala Namu Airport(KNO),KNO
Indonesia,Medan Kuala Namu International Airport(MES),MES
Indonesia,Padang-Sumatra Island Minangkabau Airport(PDG),PDG
Indonesia,Palangkaraya-Kalimantan Tengah Tjilik Riwut Airport(PKY),PKY
Indonesia,Palembang-Sumatra Island S M Badaruddin II Airport(PLM),PLM
Indonesia,Palu-Celebes Island Mutiara Airport(PLW),PLW
Indonesia,Pangkal Pinang-Palaubangka Island Depati Amir Airport(PGK),PGK
Indonesia,Pekanbaru-Sumatra Island Sultan Syarif Kasim II Airport(PKU),PKU
Indonesia,Pontianak-Borneo Island Supadio Airport(PNK),PNK
Indonesia,Sango-Ternate Island Sultan Babullah Airport(TTE),TTE
Indonesia,Semarang Ahmad Yani Airport(SRG),SRG
Indonesia,Sorong Domine Eduard Osok Airport(SOQ),SOQ
Indonesia,Sukarata(Solo)-Java Island Adi Sumarmo Airport(SOC),SOC
Indonesia,Surabaya Juanda Airport(SUB),SUB
Indonesia,Tanjung Pinang-Bintan Island Raja Haji Fisabilillah Airport(TNJ),TNJ
Indonesia,Ujung Pandang-Celebes Island Sultan Hasanuddin Airport(UPG),UPG
Indonesia,Yogyakarta New Yogyakarta Int. Airport(YIA),YIA
Indonesia,Yogyakarta-Java Island Adisutjipto Airport(JOG),JOG
Iran,Isfahan Isfahan Shahid Beheshti International Airport(IFN),IFN
Iran,Mashhad Mashhad Airport(MHD),MHD
Iran,Shiraz Shiraz International Aiport(SYZ),SYZ
Iran,Tabriz Tabriz Airport(TBZ),TBZ
Iran,Tehran Imam Khomeini International Airport(IKA),IKA
Iran,Urumiyeh Urumiyeh International Airport(OMH),OMH
Iraq,Baghdad Baghdad International Airport(BGW),BGW
Iraq,Basra Basra International Airport(BSR),BSR
Iraq,Erbil Erbil Airport(EBL),EBL
Iraq,Kirkuk Kirkuk International Airport(KIK),KIK
Iraq,Najaf Najaf Airport(NJF),NJF
Iraq,Sulaymaniyah Sulaymaniyah International Airport(ISU),ISU
Ireland,Cork Cork Airport(ORK),ORK
Ireland,Donegal Donegal Airport(CFN),CFN
Ireland,Dublin Dublin Airport(DUB),DUB
Ireland,Kerry Kerry Airport(KIR),KIR
Ireland,Knock Ireland West Airport(NOC),NOC
Ireland,Shannon Shannon Airport(SNN),SNN
Italy,Ancona Ancona International Airport(AOI),AOI
Italy,Bari Bari (All) (2 Airports),BRI
Italy,Bari Bari/Palese International Airport(BRI),BRI
Italy,Bari Bari Central Railway Station(BAU),BAU
Italy,Bologna Bologna (All) (2 Airports),BLQ
Italy,Bologna Bologna Guglielmo Marconi Airport(BLQ),BLQ
Italy,Bologna Bologna Railway Station(IBT),IBT
Italy,Borotou Borotou Airport(BRZ),BRZ
Italy,Brindisi Brindisi (All) (2 Airports),BDS
Italy,Brindisi Brindisi Airport(BDS),BDS
Italy,Brindisi Brindisi Airport(BQD),BQD
Italy,Cagliari Elmas Airport(CAG),CAG
Italy,Calabria Reggio di Calabria Railway Station(RCC),RCC
Italy,Caserta Caserta Railway Station(CTJ),CTJ
Italy,Catania Catania Fontanarossa Airport(CTA),CTA
Italy,Floransa Firenze Campo di Marte Train Station(FIR),FIR
Italy,Florence Florence (All) (3 Airports),FLR
Italy,Florence Florence Peretola Airport(FLR),FLR
Italy,Florence Firenze Santa Maria Novella Railway Station(ZMS),ZMS
Italy,Foggia Foggia Railway Station(FOI),FOI
Italy,Genoa Genoa (All) (3 Airports),GOA
Italy,Genoa Genoa Cristoforo Colombo Airport(GOA),GOA
Italy,Genova Genova Brignole Train Station(GEP),GEP
Italy,Genova Genova Piazza Principe Railway Station(GPP),GPP
Italy,Lamezia-Terme Lamezia-Terme (All) (2 Airports),SUF
Italy,Lamezia-Terme Lamezia Terme Airport(SUF),SUF
Italy,Lamezia Terme Lamezia Terme Railway Station(LTZ),LTZ
Italy,La Spezia Sarzana-Luni Airport(QLP),QLP
Italy,Lecce Lecce Railway Station(LCZ),LCZ
Italy,Milan Milan (All) (5 Airports),BGY
Italy,Milan Milan Bergamo Airport(BGY),BGY
Italy,Milan Linate Airport(LIN),LIN
Italy,Milan Milan Malpensa Airport(MXP),MXP
Italy,Milano Milano Rogoredo Railway Station(IMR),IMR
Italy,Milano Milano Centrale Railway Station(XIK),XIK
Italy,Naples Naples (All) (3 Airports),NAP
Italy,Naples Napoli International Airport(NAP),NAP
Italy,Naples Naples Central Railway Station(INP),INP
Italy,Napoli Napoli Afragola Railway Station(NHR),NHR
Italy,Olbia Costa Smeralda Airport(OLB),OLB
Italy,Padua Padua Railway Station(QPA),QPA
Italy,Painter Creek Painter Creek Airport(PCE),PCE
Italy,Palermo Punta Raisi Airport(PMO),PMO
Italy,Pisa Pisa (All) (2 Airports),PSA
Italy,Pisa Pisa Galileo Galilei Airport(PSA),PSA
Italy,portcitylookup.XIX Porta Nuova Railway Station(XIX),XIX
Italy,Roma Roma (All) (3 Airports),CIA
Italy,Roma Ciampino Airport(CIA),CIA
Italy,Roma Roma Termini Railway Station(XRJ),XRJ
Italy,Rome Fiumicino – Leonardo da Vinci Airport(FCO),FCO
Italy,Rome Venezia Mestre Railway Station(XVY),XVY
Italy,Salerno Salerno Railway Station(ISR),ISR
Italy,Trieste Trieste (All) (2 Airports),TRS
Italy,Trieste Trieste Airport(TRS),TRS
Italy,Trieste Trieste Central Railway Station(TXB),TXB
Italy,TURİN(TORİNO) portnamelookup.TPY(TPY),TPY
Italy,Turin Turin (All) (2 Airports),TRN
Italy,Turin Torino Airport(TRN),TRN
Italy,Venice Venice (All) (3 Airports),VCE
Italy,Venice Venice Marco Polo Airport(VCE),VCE
Italy,Venice Venezia Santa Lucia Railway Station(XVQ),XVQ
Jamaica,Kingston Norman Manley International Airport(KIN),KIN
Jamaica,Montego Bay Sangster International Airport(MBJ),MBJ
Japan,Akita Akita Airport(AXT),AXT
Japan,Amami Amami O Shima Airport(ASJ),ASJ
Japan,Aomori Aomori Airport(AOJ),AOJ
Japan,Asahikawa Asahikawa Airport(AKJ),AKJ
Japan,Fukuoka Fukuoka Airport(FUK),FUK
Japan,Hakodate Hakodate Airport(HKD),HKD
Japan,Hanamaki Hanamaki Airport(HNA),HNA
Japan,Hiroshima Hiroshima Airport(HIJ),HIJ
Japan,Ishigaki New Ishigaki Airport(ISG),ISG
Japan,Izumo Izumo Airport(IZO),IZO
Japan,Kagoshima Kagoshima Airport(KOJ),KOJ
Japan,Kitakyūshū Kita Kyushu Airport(KKJ),KKJ
Japan,Kochi Kochi Airport(KCZ),KCZ
Japan,Komatsu Komatsu Airport(KMQ),KMQ
Japan,Kumamoto Kumamoto Airport(KMJ),KMJ
Japan,Kushiro Kushiro Airport(KUH),KUH
Japan,Matsuyama Matsuyama Airport(MYJ),MYJ
Japan,Memanbetsu Memambetsu Airport(MMB),MMB
Japan,Misawa Misawa Airport(MSJ),MSJ
Japan,Miyako Jima Miyako Airport(MMY),MMY
Japan,Miyazaki Miyazaki Airport(KMI),KMI
Japan,Nagasaki Nagasaki Airport(NGS),NGS
Japan,Nagoya Nagoya Airport(NGO),NGO
Japan,Niigata Niigata Airport(KIJ),KIJ
Japan,Obihiro Obihiro Airport(OBO),OBO
Japan,Oita Oita Airport(OIT),OIT
Japan,Okayama Okayama Airport(OKJ),OKJ
Japan,Okinawa Naha Airport(OKA),OKA
Japan,Osaka Osaka (All) (2 Airports),KIX
Japan,Osaka Itami Airport(ITM),ITM
Japan,Osaka Kansai International Airport(KIX),KIX
Japan,Osaka Osaka Kobe Airport(UKB),UKB
Japan,Saga Saga Airport(HSG),HSG
Japan,Sapporo New Chitose Airport(CTS),CTS
Japan,Sendai Sendai Airport(SDJ),SDJ
Japan,Shirahama Nanki Shirahama Airport(SHM),SHM
Japan,Takamatsu Takamatsu Airport(TAK),TAK
Japan,Tokushima Tokushima Airport(TKS),TKS
Japan,Tokyo Tokyo (All) (2 Airports),HND
Japan,Tokyo Haneda International Airport(HND),HND
Japan,Tokyo Narita International Airport(NRT),NRT
Japan,Toyama Toyama Airport(TOY),TOY
Japan,Ube Ube Airport(UBJ),UBJ
Japan,Yamagata Yamagata Airport(GAJ),GAJ
Jordan,Amman Queen Alia Airport(AMM),AMM
Jordan,Aqaba King Hussein International Airport(AQJ),AQJ
Kazakhstan,Aktau Aktau Airport(SCO),SCO
Kazakhstan,Aktobe Aktobe Airport(AKX),AKX
Kazakhstan,Almaty Almaty Airport(ALA),ALA
Kazakhstan,Astana Nursultan Nazarbayev International Airport(NQZ),NQZ
Kazakhstan,Atyrau Atyrau International Airport(GUW),GUW
Kazakhstan,Karaganda Sary-Arka Airport(KGF),KGF
Kazakhstan,Shymkent Shymkent International Airport(CIT),CIT
Kazakhstan,Turkistan Hazrat Sultan International Airport(HSA),HSA
Kenya,Kisumu Kisumu Airport(KIS),KIS
Kenya,Mombasa Moi International Airport(MBA),MBA
Kenya,Nairobi Jomo Kenyatta International Airport(NBO),NBO
Kiribati,Tarawa Bonriki International Airport(TRW),TRW
Kosovo,Prishtina Prishtina International Airport(PRN),PRN
Kuwait,Kuwait Kuwait International Airport(KWI),KWI
Kyrgyz Republic,Bishkek Manas International Airport(FRU),FRU
Laos,Luang Prabang Luang Prabang International Airport(LPQ),LPQ
Laos,Pakse Pakse International Airport(PKZ),PKZ
Laos,Phonsavan Xieng Khouang Airport(XKH),XKH
Laos,Savannakhet Savannakhet Airport(ZVK),ZVK
Laos,Vientiane Wattay International Airport(VTE),VTE
Latvia,Liepaja Liepaja International Airport(LPX),LPX
Latvia,Riga Riga International Airport(RIX),RIX
Lebanon,Beirut Beirut Refik Hariri International Airport(BEY),BEY
Lesotho,Maseru Moshoeshoe I International Airport(MSU),MSU
Liberia,Monrovia Roberts International Airport(ROB),ROB
Libya,Benghazi Benina International Airport(BEN),BEN
Libya,Tripoli Mitiga International Airport(MJI),MJI
Lithuania,Palanga Palanga International Airport(PLQ),PLQ
Lithuania,Vilnius Vilnius International Airport(VNO),VNO
Luxembourg,Luxembourg Luxembourg Airport(LUX),LUX
Madagascar,Antananarivo Ivato International Airport(TNR),TNR
Madagascar,Nosy-Be Fascene Airport(NOS),NOS
Malawi,Blantyre Blantyre Airport(BLZ),BLZ
Malawi,Lilongwe Kamuzu International Airport(LLW),LLW
Malaysia,Alor Setar Sultan Abdul Halim Airport(AOR),AOR
Malaysia,Bintulu Bintulu Airport(BTU),BTU
Malaysia,Kota Baharu Sultan Ismail Petra Airport(KBR),KBR
Malaysia,Kota Kinabalu Kota Kinabalu International Airport(BKI),BKI
Malaysia,Kuala Lumpur Kuala Lumpur (All) (2 Airports),SZB
Malaysia,Kuala Lumpur Kuala Lumpur International Airport(KUL),KUL
Malaysia,Kuala Lumpur Sultan Abdul Aziz Shah Airport(SZB),SZB
Malaysia,Kuala Terengganu Sultan Mahmud Airport(TGG),TGG
Malaysia,Kuantan Sultan Haji Ahmad Shah Airport(KUA),KUA
Malaysia,Kuching Kuching International Airport(KCH),KCH
Malaysia,Labuan Labuan Airport(LBU),LBU
Malaysia,Langkawi Langkawi International Airport(LGK),LGK
Malaysia,Limbang Limbang Airport(LMN),LMN
Malaysia,Long Lellang Long Lellang Airport(LGL),LGL
Malaysia,Marudi Marudi Airport(MUR),MUR
Malaysia,Marysville Yuba County Airport(MYV),MYV
Malaysia,Miri Miri Airport(MYY),MYY
Malaysia,Mulu Mulu Airport(MZV),MZV
Malaysia,Penang Penang International Airport(PEN),PEN
Malaysia,Sandakan Sandakan Airport(SDK),SDK
Malaysia,Senai Senai International Airport(JHB),JHB
Malaysia,Tanjung Manis Tanjung Manis Airport(TGC),TGC
Malaysia,Tawau Tawau Airport(TWU),TWU
Maldives,Gan Island Gan Island International Airport(GAN),GAN
Maldives,Male Velana International Airport(MLE),MLE
Mali,Bamako Bamako–Senou International Airport(BKO),BKO
Malta,Malta Malta Luqa Airport(MLA),MLA
Marshall Islands,Kwajalein Kwajalein Island Airport(KWA),KWA
Marshall Islands,Majuro Atoll Amata Kabua International Airport(MAJ),MAJ
Marshall Islands,Yap Yap Airport(YAP),YAP
Martinique,Fort-de-France Martinique Aime Cesaire Airport(FDF),FDF
Mauritania,Nouadhibou Nouadhibou International Airport(NDB),NDB
Mauritania,Nouakchott Nouakchott Airport(NKC),NKC
Mauritania,Zouerate Tazadit Airport(OUZ),OUZ
Mauritius,Port Louis Sir Seewoosagur Ramgoolam International Airport(MRU),MRU
Mexico,Acapulco General Juan N. Alvarez International Airport(ACA),ACA
Mexico,Aguascalientes Aguascalientes Airport(AGU),AGU
Mexico,Cancun Cancun Airport(CUN),CUN
Mexico,Chimoio Chimoio Airport(VPY),VPY
Mexico,Ciudad Victoria General Pedro José Méndez International Airport(CVM),CVM
Mexico,Colima Colima Airport(CLQ),CLQ
Mexico,Cozumel Cozumel International Airport(CZM),CZM
Mexico,Ixtepec Ixtepec Airport(IZT),IZT
Mexico,Lazaro Cardenas Lâzaro Cârdenas Airport(LZC),LZC
Mexico,Leon/Guanajuato Del Bajio International Airport(BJX),BJX
Mexico,Manzanillo Playa de Oro International Airport(ZLO),ZLO
Mexico,Mazatlan Mazatlan Airport(MZT),MZT
Mexico,Mexico City Benito Juarez International Airport(MEX),MEX
Mexico,Monterrey Mariano Escobedo International Airport(MTY),MTY
Mexico,Oaxaca Oaxaca International Airport(OAX),OAX
Mexico,Piedras Negras Piedras Negras Airport(PDS),PDS
Mexico,Poza Rica El Tajin National Airport(PAZ),PAZ
Mexico,Puebla Hermanos Serdan International Airport(PBC),PBC
Mexico,Puerto Escondido Escondido International Airport(PXM),PXM
Mexico,Puerto Vallarta Gustavo Diaz Ordaz International Airport(PVR),PVR
Mexico,Queretaro Intercontinental Airport(QRO),QRO
Mexico,San José del Cabo Los Cabos International Airport(SJD),SJD
Mexico,San Luis Potosi San Luis Potosi International Airport(SLP),SLP
Mexico,Tampico F. Javier Mina International Airport(TAM),TAM
Mexico,Tepic Tepic Airport(TPQ),TPQ
Mexico,Tulum Felipe Carrillo Puerto Airport(TQO),TQO
Mexico,Veracruz Veracruz Airport(VER),VER
Mexico,Zihuatanejo Ixtapa/Zihuatanejo Airport(ZIH),ZIH
Micronesia,Kosrae Kosrae Airport(KSA),KSA
Micronesia,Pohnpei Pohnpei International Airport(PNI),PNI
Micronesia,Tabatinga Tabatinga International Airport(TBT),TBT
Micronesia,Truk Chuuk Airport(TKK),TKK
Moldova,Chisinau Chisinau International Airport(RMO),RMO
Mongolia,Ulaanbaatar Chinggis Khaan International Airport(UBN),UBN
Montenegro,Podgorica Podgorica Airport(TGD),TGD
Montenegro,Tivat Tivat Airport(TIV),TIV
Morocco,Agadir Al Massira Airport(AGA),AGA
Morocco,Casablanca Muhammed V International Airport(CMN),CMN
Morocco,Errachidia Moulay Ali Cherif Airport(ERH),ERH
Morocco,Essaouira Mogador Airport(ESU),ESU
Morocco,Fez Saiss Airport(FEZ),FEZ
Morocco,Marrakesh Menara Airport(RAK),RAK
Morocco,Nador Nador Airport(NDR),NDR
Morocco,Ouarzazate Ouarzazate Airport(OZZ),OZZ
Morocco,Oujda Angads Airport(OUD),OUD
Morocco,Tangier Ibn Battouta Airport(TNG),TNG
Morocco,Tan-Tan Plage Blanche Airport(TTA),TTA
Morocco,Tetouan Saniat R'mel Airport(TTU),TTU
Morocco,Zagora Zagora Airport(OZG),OZG
Mozambique,Beira Beira International Airport(BEW),BEW
Mozambique,Chingozi  Tete Chingozi Airport(TET),TET
Mozambique,Maputo Maputo International Airport(MPM),MPM
Mozambique,Mtwara Mtwara Airport(MYW),MYW
Mozambique,Nampula Nampula Airport(APL),APL
Mozambique,Pemba Pemba Airport(POL),POL
Mozambique,portcitylookup.VCX portnamelookup.VCX(VCX),VCX
Mozambique,Vilanculos Vilanculos Airport(VNX),VNX
Mozambique,Xai-Xai Xai-Xai Airport(VJB),VJB
Myanmar,Mandalay Mandalay International Airport(MDL),MDL
Myanmar,Nay Pyi Taw Nay Pyi Taw International Airport(NYT),NYT
Myanmar,Yangon Yangon International Airport(RGN),RGN
Namibia,Floro Floro Airport(FRO),FRO
Namibia,Walvis Bay Walvis Bay Airport(WVB),WVB
Namibia,Windhoek Hosea Kutako International Airport(WDH),WDH
Nepal,Kathmandu Tribhuvan International Airport(KTM),KTM
Netherlands,Amsterdam Amsterdam Schiphol Airport(AMS),AMS
Netherlands,Rotterdam Rotterdam-Centraal Railway Station(QRH),QRH
New Caledonia,Noumea La Tontouta Airport(NOU),NOU
New Zealand,Auckland Auckland International Airport(AKL),AKL
New Zealand,Christchurch Christchurch Airport(CHC),CHC
New Zealand,Dunedin Dunedin Airport(DUD),DUD
New Zealand,Napier-Hastings Napier-Hastings Airport(NPE),NPE
New Zealand,Nelson Nelson Airport(NSN),NSN
New Zealand,New Plymouth New Plymouth Airport(NPL),NPL
New Zealand,Palmerston North Palmerston North Airport(PMR),PMR
New Zealand,Queenstown Queenstown Airport(ZQN),ZQN
New Zealand,Wellington Wellington Airport(WLG),WLG
Nicaragua,Managua Augusto C. Sandino International Airport(MGA),MGA
Niger,Niamey Diori Hamani International Airport(NIM),NIM
Nigeria,Abuja Nnamdi Azikiwe Airport(ABV),ABV
Nigeria,Lagos Murtala Muhammed International Airport(LOS),LOS
Nigeria,Port Harcourt Port Harcourt Airport(PHC),PHC
Northern Mariana Islands,Saipan Saipan Airport(SPN),SPN
North Macedonia,Ohrid Ohrid St. Paul the Apostle Airport(OHD),OHD
North Macedonia,Skopje Skopje International Airport(SKP),SKP
Norway,Alesund Alesund Vigra Airport(AES),AES
Norway,Alta Alta Airport(ALF),ALF
Norway,Bergen Bergen Flesland Airport(BGO),BGO
Norway,Bodo Bodo Airport(BOO),BOO
Norway,Harstad-Narvik Evenes Airport(EVE),EVE
Norway,Haugesund Haugesund Karmoy Airport(HAU),HAU
Norway,Kirkenes Hoybuktmoen Airport(KKN),KKN
Norway,Kristiansand Kristiansand Kjevik Airport(KRS),KRS
Norway,Kristiansund Kristiansund Kvernberget Airport(KSU),KSU
Norway,Longyearbyen Svalbard Airport(LYR),LYR
Norway,Molde Molde Airport(MOL),MOL
Norway,Orsta/Volda Hovden Airport(HOV),HOV
Norway,Oslo Oslo (All) (3 Airports),OSL
Norway,Oslo Oslo-Gardermoen Airport(OSL),OSL
Norway,Oslo Sandefjord-Torp Airport(TRF),TRF
Norway,Stavanger Stavanger Sola Airport(SVG),SVG
Norway,Taipei Taipei Songshan Airport(TSA),TSA
Norway,Tromso Tromso Airport(TOS),TOS
Norway,Trondheim Trondheim Vaernes Airport(TRD),TRD
Oman,Khasab Khasab Airport(KHS),KHS
Oman,Muscat Muscat International Airport(MCT),MCT
Oman,Salalah Salalah International Airport(SLL),SLL
Pakistan,Faisalabad Faisalabad International Airport(LYP),LYP
Pakistan,Gilgit Gilgit Airport(GIL),GIL
Pakistan,Gwadar Gwadar International Airport(GWD),GWD
Pakistan,Islamabad Islamabad International Airport(ISB),ISB
Pakistan,Kahama Buzwagi Airport(KBH),KBH
Pakistan,Karachi Karachi Jinnah International Airport(KHI),KHI
Pakistan,Lahore Allama Iqbal International Airport(LHE),LHE
Pakistan,Multan Multan International Airport(MUX),MUX
Pakistan,Peshawar Peshawar Airport(PEW),PEW
Pakistan,Quetta Quetta International Airport(UET),UET
Pakistan,Sialkot Sialkot International Airport(SKT),SKT
Pakistan,Sukkur Sukkur Airport(SKZ),SKZ
Pakistan,Turbat Turbat International Airport(TUK),TUK
Palau,Koror Palau International Airport(ROR),ROR
Panama,David Enrique Malek International Airport(DAV),DAV
Panama,Panama City Tocumen International Airport(PTY),PTY
Papua New Guinea,Alotau Gurney Airport(GUR),GUR
Papua New Guinea,Biliau Biliau Airport(BIJ),BIJ
Papua New Guinea,Buka Buka Airport(BUA),BUA
Papua New Guinea,Daru Daru Airport(DAU),DAU
Papua New Guinea,Goroka Goroka Airport(GKA),GKA
Papua New Guinea,Hoskins Hoskins Airport(HKN),HKN
Papua New Guinea,Kavieng Kavieng Airport(KVG),KVG
Papua New Guinea,Kiunga Kiunga Airport(UNG),UNG
Papua New Guinea,Lae Nadzab Airport(LAE),LAE
Papua New Guinea,Madang Madang Airport(MAG),MAG
Papua New Guinea,Manus Island Momote Airport(MAS),MAS
Papua New Guinea,Mount Hagen Kagamuga Airport(HGU),HGU
Papua New Guinea,Popondetta Girua Airport(PNP),PNP
Papua New Guinea,Port Moresby Jacksons International Airport(POM),POM
Papua New Guinea,Rabaul Tokua Airport(RAB),RAB
Papua New Guinea,Tabubil Tabubil Airport(TBG),TBG
Papua New Guinea,Tari Tari Airport(TIZ),TIZ
Papua New Guinea,Wapenamanda Wapenamanda Airport(WBM),WBM
Paraguay,Asuncion Silvio Pettirossi International Airport(ASU),ASU
Paraguay,Ciudad del Este Guarani International Airport(AGT),AGT
Peru,Cuzco Cuzco Airport(CUZ),CUZ
Peru,Ilo Ilo Airport(ILQ),ILQ
Peru,Iquitos Francisco Secada Vignetta Airport(IQT),IQT
Peru,Juliaca Juliaca Airport(JUL),JUL
Peru,Lima Jorge Chavez International Airport(LIM),LIM
Peru,Piura Piura Airport(PIU),PIU
Peru,Puerto Maldonado Puerto Maldonado Airport(PEM),PEM
Philippines,Bacolod Silay International Airport(BCD),BCD
Philippines,Cagayan de Oro Laguindingan International Airport(CGY),CGY
Philippines,Caticlan Godofredo P. Ramos Airport(MPH),MPH
Philippines,Cebu Mactan International Airport(CEB),CEB
Philippines,Cotabato Awang Airport(CBO),CBO
Philippines,Davao Francisco Bangoy International Airport(DVO),DVO
Philippines,Dipolog Dipolog Airport(DPL),DPL
Philippines,Iloilo Iloilo International Airport(ILO),ILO
Philippines,Kalibo Kalibo International Airport(KLO),KLO
Philippines,Manila Ninoy Aquino International Airport(MNL),MNL
Philippines,Puerto Princesa Puerto Princesa International Airport(PPS),PPS
Philippines,Roxas Roxas Airport(RXS),RXS
Philippines,Tagbilaran Tagbilaran Airport(TAG),TAG
Poland,Gdańsk Lech Walesa Airport(GDN),GDN
Poland,Katowice Katowice Airport(KTW),KTW
Poland,Krakow Krakow John Paul II International Airport(KRK),KRK
Poland,Poznan Lawica Airport(POZ),POZ
Poland,Rzeszow Rzeszow Airport(RZE),RZE
Poland,Szczecin Szczecin Airport(SZZ),SZZ
Poland,Warsaw Warsaw Frederic Chopin Airport(WAW),WAW
Poland,Wrocław Nicolaus Copernicus Airport(WRO),WRO
Poland,Zielona Gora Zielona Gora Airport(IEG),IEG
Portugal,Faro Faro Airport(FAO),FAO
Portugal,Funchal Madeira Airport(FNC),FNC
Portugal,Lisbon Lisbon Portela Airport(LIS),LIS
Portugal,Ponta Delgada Ponta Delgada Airport(PDL),PDL
Portugal,Porto Porto Francisco Sa Carneiro Airport(OPO),OPO
Portugal,Porto Santo Porto Santo Airport(PXO),PXO
Portugal,Terceira Island Terceira Airport(TER),TER
Puerto Rico,Aguadilla Rafael Hernandez Airport(BQN),BQN
Puerto Rico,Ponce Mercedita Airport(PSE),PSE
Puerto Rico,San Juan Luis Munoz Marin International Airport(SJU),SJU
Qatar,Doha Doha Hamad International Airport(DOH),DOH
Romania,Baia Mare Baia Mare Airport(BAY),BAY
Romania,Bucharest Henri Coanda International Airport(OTP),OTP
Romania,Cluj-Napoca Cluj-Napoca Airport(CLJ),CLJ
Romania,Constanta Mihail Kogalniceanu International Airport(CND),CND
Romania,Iasi Iasi Airport(IAS),IAS
Romania,Oradea Oradea Airport(OMR),OMR
Romania,Satu Mare Satu Mare Airport(SUJ),SUJ
Romania,Suceava Suceava Stefan cel Mare International Airport(SCV),SCV
Romania,Timişoara Timisoara Airport(TSR),TSR
Russia,Anapa Anapa Airport(AAQ),AAQ
Russia,Arhangelsk Talagi Airport(ARH),ARH
Russia,Belgorod Belgorod International Airport(EGO),EGO
Russia,Cheboksary Cheboksary International Airport(CSY),CSY
Russia,Chelyabinsk Chelyabinsk Balandino Airport(CEK),CEK
Russia,Chicago Chicago Midway International Airport(MDW),MDW
Russia,Irkutsk Irkutsk Airport(IKT),IKT
Russia,Kaliningrad Khrabrovo Airport(KGD),KGD
Russia,Kazan Kazan International Airport(KZN),KZN
Russia,Khanty-Mansiysk Khanty-Mansiysk Airport(HMA),HMA
Russia,Krasnodar Pashkovsky Airport(KRR),KRR
Russia,Krasnoyarsk Yemelyanovo International Airport(KJA),KJA
Russia,Kurgan Kurgan Airport(KRO),KRO
Russia,Magnitogorsk Magnitogorsk International Airport(MQF),MQF
Russia,Makhachkala Makhachkale Uytash Airport(MCX),MCX
Russia,Mineralnye Vody Mineralnye Vody Airport(MRV),MRV
Russia,Moscow Moscow (All) (2 Airports),DME
Russia,Moscow Domodedovo International Airport(DME),DME
Russia,Moscow Vnukovo International Airport(VKO),VKO
Russia,Murmansk Murmansk Airport(MMK),MMK
Russia,Naberezhnye Chelny Begishevo Airport(NBC),NBC
Russia,Nijnevartovsk Nizhnevartovsk Airport(NJC),NJC
Russia,Nizhny Novgorod Strigino International Airport(GOJ),GOJ
Russia,Omsk Tsentralny Airport(OMS),OMS
Russia,Perm Perm Bolshoye Savino Airport(PEE),PEE
Russia,Rostov-on-Don Rostov-on-Don International Airport(ROV),ROV
Russia,Samara Samara Airport(KUF),KUF
Russia,Sochi Adler-Sochi International Airport(AER),AER
Russia,St Petersburg St Petersburg Pulkovo Airport(LED),LED
Russia,Surgut Surgut International Airport(SGC),SGC
Russia,Syktyvkar Syktyvkar Airport(SCW),SCW
Russia,Tomsk Tomsk Bogashevo Airport(TOF),TOF
Russia,Tyumen Roshchino International Airport(TJM),TJM
Russia,Ufa Ufa International Airport(UFA),UFA
Russia,Ulyanovsk Vostochny Airport(ULY),ULY
Russia,Usinsk Usinsk Airport(USK),USK
Russia,Vladikavkaz Beslan Airport(OGZ),OGZ
Russia,Volgograd Volgograd International Airport(VOG),VOG
Russia,Voronezh Chertovitskoye Airport(VOZ),VOZ
Russia,Yekaterinburg Yekaterinburg Koltsovo Airport(SVX),SVX
Russia,Yoshkar-Ola Yoshkar Ola Airport(JOK),JOK
Rwanda,Kamembe Kamembe International Airport(KME),KME
Rwanda,Kigali Kigali Airport(KGL),KGL
"Saint Helena, Ascension and Tristan da Cunha",Ascension/Tristan da Cunha Ascension/Tristan da Cunha (All) (2 Airports),HLE
"Saint Helena, Ascension and Tristan da Cunha",Ascension/Tristan da Cunha Saint Helena Airport(HLE),HLE
"Saint Helena, Ascension and Tristan da Cunha",Jamestown Jamestown Regional Airport(JMS),JMS
Saint Kitts and Nevis,St Kitts St Kitts Airport(SKB),SKB
Saint Lucia,St. Lucia Hewanorra International Airport(UVF),UVF
Saint Martin,St Martin L'Espérance Airport(SFG),SFG
Saint Vincent and the Grenadines,Port Vila Port Vila Airport(VLI),VLI
Saint Vincent and the Grenadines,St Vincent Argyle International Airport(SVD),SVD
Samoa,Apia Apia Faleolo Airport(APW),APW
Sao Tome and Principe,Sao Tome Island Sao Tome Airport(TMS),TMS
Saudi Arabia,Abha Abha Airport(AHB),AHB
Saudi Arabia,Al Baha Al-Aqiq Airport(ABT),ABT
Saudi Arabia,Al Qassim Prince Nayef Bin Abdulaziz Airport(ELQ),ELQ
Saudi Arabia,AlUla ALULA INTERNATIONAL Airport(ULH),ULH
Saudi Arabia,Arar Arar Airport(RAE),RAE
Saudi Arabia,Bisha Bisha Airport(BHH),BHH
Saudi Arabia,Dammam King Fahd International Airport(DMM),DMM
Saudi Arabia,Dawadmi Dawadmi Domestic Airport(DWD),DWD
Saudi Arabia,Hail Hail Airport(HAS),HAS
Saudi Arabia,Jeddah King Abdulaziz International Airport(JED),JED
Saudi Arabia,Jizan Jizan Regional Airport(GIZ),GIZ
Saudi Arabia,Medina Medina Prince Mohammed Bin Abdulaziz International Airport(MED),MED
Saudi Arabia,Qaisumah Hafar al Batin Faleolo Airport(AQI),AQI
Saudi Arabia,Rafha Rafha Airport(RAH),RAH
Saudi Arabia,Riyadh King Khalid International Airport(RUH),RUH
Saudi Arabia,Sharurah Sharurah Airport(SHW),SHW
Saudi Arabia,Tabuk Tabuk Regional Airport(TUU),TUU
Saudi Arabia,Taif Taif Airport(TIF),TIF
Saudi Arabia,Turaif Turaif Airport(TUI),TUI
Saudi Arabia,Wadi al Dawaser Wadi al Dawaser Airport(WAE),WAE
Saudi Arabia,Yanbu Yanbu Airport(YNB),YNB
Senegal,Dakar-Thies Blaise Diagne International Airport(DSS),DSS
Serbia,Belgrade Belgrade Nikola Tesla Airport(BEG),BEG
Serbia,Kraljevo Morava Airport(KVO),KVO
Serbia,Nis Nis Airport(INI),INI
Seychelles,Praslin Island Praslin Island Airport(PRI),PRI
Seychelles,Victoria-Mahe Island Seychelles International Airport(SEZ),SEZ
Sierra Leone,Freetown Lungi International Airport(FNA),FNA
Singapore,Singapore Singapore Changi Airport(SIN),SIN
Sint Maarten,St Martin Princess Juliana International Airport(SXM),SXM
Slovakia,Bratislava M.R. Stefanik Airport(BTS),BTS
Slovenia,Ljubljana Ljubljana Joze Pucnik Airport(LJU),LJU
Solomon Islands,Honiara Honiara International Airport(HIR),HIR
Somalia,Mogadishu Aden Abdulle International Airport(MGQ),MGQ
South Africa,Bloemfontain Bloemfontein Airport(BFN),BFN
South Africa,Cape Town Cape Town International Airport(CPT),CPT
South Africa,Durban King Shaka International Airport(DUR),DUR
South Africa,East London East London Airport(ELS),ELS
South Africa,George George Airport(GRJ),GRJ
South Africa,Hoedspruit Hoedspruit Eastgate Airport (HDS),HDS
South Africa,Johannesburg Johannesburg Airport(JNB),JNB
South Africa,Kimberley Kimberley Airport(KIM),KIM
South Africa,Mala Mala Mala Mala Airport(AAM),AAM
South Africa,Margate Margate Airport(MGH),MGH
South Africa,Mpumalanga Nelspruit Airport(MQP),MQP
South Africa,Mthatha Mthatha Airport(UTT),UTT
South Africa,Phalaborwa Hendrik van Eck Airport(PHW),PHW
South Africa,Pietermaritzburg Pietermaritzburg Airport(PZB),PZB
South Africa,Plettenberg Bay Plettenberg Bay Airport(PBZ),PBZ
South Africa,Polokwane Polokwane International Airport(PTG),PTG
South Africa,Port Elizabeth Port Elizabeth Airport(PLZ),PLZ
South Africa,Richards Bay Richards Bay Airport(RCB),RCB
South Africa,Sishen Sishen Airport(SIS),SIS
South Africa,Skukuza Skukuza Airport(SZK),SZK
South Africa,Springbok Springbok Airport(SBU),SBU
South Africa,Upington Upington Airport(UTN),UTN
South Korea,Busan Gimhae International Airport(PUS),PUS
South Korea,Jeju Jeju International Airport(CJU),CJU
South Korea,Seoul Seoul (All) (2 Airports),GMP
South Korea,Seoul Seoul Gimpo International Airport(GMP),GMP
South Korea,Seoul Incheon International Airport(ICN),ICN
South Sudan,Juba Juba International Airport(JUB),JUB
Spain,A Coruna A Coruña Airport(LCG),LCG
Spain,Albacete Albacete Railway Station(EEM),EEM
Spain,Alicante Alicante (All) (2 Airports),ALC
Spain,Alicante Alicante Airport(ALC),ALC
Spain,Alicante Alicante Airport Railway Station(YJE),YJE
Spain,Almeria Almeria (All) (2 Airports),LEI
Spain,Almeria Almeria Airport(LEI),LEI
Spain,Almeria Almeria Railway Station(AMR),AMR
Spain,Balearic Islands Ibiza Airport(IBZ),IBZ
Spain,Balearic Islands Palma de Mallorca Airport(PMI),PMI
Spain,Barcelona Barcelona (All) (2 Airports),BCN
Spain,Barcelona Barcelona El Prat Airport(BCN),BCN
Spain,Barcelona Barcelona Airport Railway Station(YJB),YJB
Spain,Bilbao Bilbao (All) (2 Airports),BIO
Spain,Bilbao Bilbao Airport(BIO),BIO
Spain,Bilbao Bilbao Railway Station(YJI),YJI
Spain,Burgos Burgos Railway Station(UGR),UGR
Spain,Cádiz Cádiz Railway Station(CDZ),CDZ
Spain,Castellon Castellon Railway Station(CPJ),CPJ
Spain,Chernihiv Shestovitsa Chernihiv Shestovitsa Airport(CEJ),CEJ
Spain,Ciudad Real Ciudad Real Train Station(XJI),XJI
Spain,Cordoba Cordoba Central Railway Station(XOJ),XOJ
Spain,Fuerteventura Fuerteventura Airport(FUE),FUE
Spain,Girona Girona Costa Brava Airport Railway Station(GIA),GIA
Spain,Granada Granada (All) (2 Airports),GRX
Spain,Granada Granada Airport(GRX),GRX
Spain,Granada Granada Railway Station(YJG),YJG
Spain,Gran Canaria Gran Canaria Airport(LPA),LPA
Spain,Hondarribia San Sebastian Airport(EAS),EAS
Spain,Huelva Huelva Railway Station(HEV),HEV
Spain,Jerez De La Frontera Jerez De La Frontera (All) (2 Airports),XRY
Spain,Jerez De La Frontera Jerez Airport(XRY),XRY
Spain,Jerez De La Frontera Jerez De La Frontera Railway Station(YJW),YJW
Spain,Lanzarote Lanzarote Airport(ACE),ACE
Spain,Leon Leon Railway Station(EEU),EEU
Spain,Lleida Lleida Pirineus Railway Station(QLQ),QLQ
Spain,Madrid Madrid (All) (3 Airports),MAD
Spain,Madrid Madrid Barajas International Airport(MAD),MAD
Spain,Madrid Madrid Atocha Railway Station(XOC),XOC
Spain,Madrid Madrid Chamartin Railway Station(XTI),XTI
Spain,Malaga Malaga (All) (2 Airports),AGP
Spain,Malaga Malaga Costa Del Sol Airport(AGP),AGP
Spain,Malaga Malaga Maria Zambrano Railway Station(YJM),YJM
Spain,Menorca Menorca Airport(MAH),MAH
Spain,Murcia Murcia Del Carmen Railway Station(XUT),XUT
Spain,Oviedo Oviedo Railway Station(OVI),OVI
Spain,Palencia Palencia Railway Station(PCI),PCI
Spain,Pamplona Pamplona Railway Station(EEP),EEP
Spain,Ranón Ranón (All) (2 Airports),OVD
Spain,Ranón Asturias Airport(OVD),OVD
Spain,Santa Cruz de La Palma La Palma Airport(SPC),SPC
Spain,Santander Seve Ballesteros-Santander Airport(SDR),SDR
Spain,Santiago de Compostela Santiago De Compostela Airport(SCQ),SCQ
Spain,Sevilla Sevilla Airport(SVQ),SVQ
Spain,Tenerife Tenerife (All) (2 Airports),TFN
Spain,Tenerife Tenerife North Airport(TFN),TFN
Spain,Tenerife Tenerife Sur Airport(TFS),TFS
Spain,Valencia Valencia (All) (2 Airports),VLC
Spain,Valencia Valencia Airport(VLC),VLC
Spain,Valencia Valencia Airport Railway Station(YJV),YJV
Spain,Valladolid Valladolid Airport(VLL),VLL
Spain,Vigo Vigo Airport(VGO),VGO
Spain,Vitoria-Gasteiz Vitoria-Gasteiz Railway Station(VIO),VIO
Spain,Zaragoza Zaragoza (All) (2 Airports),ZAZ
Spain,Zaragoza Zaragoza Airport(ZAZ),ZAZ
Spain,Zaragoza Zaragoza-Delicias Railway Station(XZZ),XZZ
Sri Lanka,Colombo Bandaranaike International Airport(CMB),CMB
Sudan,Khartoum Khartoum Airport(KRT),KRT
Sudan,Port Sudan Port Sudan International Airport(PZU),PZU
Suriname,Paramaribo Johan A. Pengel International Airport(PBM),PBM
Swaziland,Manzini King Mswati III International Airport(SHO),SHO
Swaziland,Nukus Nukus Airport(NCU),NCU
Sweden,Ängelholm Ängelholm/Helsingborg Airport(AGH),AGH
Sweden,Borlänge Borlänge Central Railway Station(XYB),XYB
Sweden,Falun Falun Central Railway Station(XWF),XWF
Sweden,Gavle Gavle (All) (2 Airports),GVX
Sweden,Gavle Gavle–Sandviken Airport(GVX),GVX
Sweden,Gavle Gavle Railway Station(QYU),QYU
Sweden,Gothenburg Gothenburg Landvetter Airport(GOT),GOT
Sweden,Hedemora Hedemora Railway Station(XXU),XXU
Sweden,Hudiksvall Hudiksvall Central Railway Station(HUV),HUV
Sweden,Kalmar Kalmar Airport(KLR),KLR
Sweden,Kiruna Kiruna Airport(KRN),KRN
Sweden,Leksand Leksand Railway Station(XXO),XXO
Sweden,Linkoping Linkoping City Airport(LPI),LPI
Sweden,Lulea Lulea Kallax Airport(LLA),LLA
Sweden,Malmo Malmo Airport(MMX),MMX
Sweden,Mora Mora Railway Station(MXX),MXX
Sweden,Norrköping Norrköping Central Railway Station(XYK),XYK
Sweden,Örebro Örebro Central Railway Station(XWR),XWR
Sweden,Ostersund Are Ostersund Airport(OSD),OSD
Sweden,Ronneby Ronneby Kallinge Airport(RNB),RNB
Sweden,Sala Sala Railway Station(XYX),XYX
Sweden,Skelleftea Skelleftea Airport(SFT),SFT
Sweden,Söderhamn Söderhamn Railway Station(SOO),SOO
Sweden,Stockholm Stockholm Arlanda Airport(ARN),ARN
Sweden,Sundsvall Sundsvall (All) (2 Airports),SDL
Sweden,Sundsvall Sundsvall-Harnösand Airport(SDL),SDL
Sweden,Sundsvall Sundsvall Railway Station(XXZ),XXZ
Sweden,Umea Umea Airport(UME),UME
Sweden,Visby Visby Airport(VBY),VBY
Switzerland,Basel Basel (All) (2 Airports),BSL
Switzerland,Basel Basel Mulhouse Freiburg Airport(BSL),BSL
Switzerland,Basel Basel SBB Railway Station(ZDH),ZDH
Switzerland,Bern Venezia Mestre Railway Station(ZDJ),ZDJ
Switzerland,Chur Chur Train Station(ZDT),ZDT
Switzerland,Geneva Geneva Cointrin Airport(GVA),GVA
Switzerland,Zihuatanejo Grenchen Airport(ZHI),ZHI
Switzerland,Zurich Zurich (All) (2 Airports),ZRH
Switzerland,Zurich Zurich Kloten Airport(ZRH),ZRH
Switzerland,Zurich Zurich Railway Station(ZLP),ZLP
Syria,Aleppo Aleppo Airport(ALP),ALP
Syria,Damascus Damascus International Airport(DAM),DAM
Taiwan - China,Kaohsiung Kaohsiung Airport(KHH),KHH
Taiwan - China,Linhares Linhares Municipal Airport(LHN),LHN
Taiwan - China,Sorriso Sorriso Airport(SMT),SMT
Taiwan - China,Taichung Taichung Airport(RMQ),RMQ
Taiwan - China,Taipei Taoyuan International Airport(TPE),TPE
Tajikistan,Dushanbe Dushanbe Airport(DYU),DYU
Tanzania,Arusha Arusha Airport(ARK),ARK
Tanzania,Bukoba Bukoba Airport(BKZ),BKZ
Tanzania,Dar es Salaam Julius Nyerere International Airport(DAR),DAR
Tanzania,Dodoma Dodoma Airport(DOD),DOD
Tanzania,Kilimanjaro Kilimanjaro International Airport(JRO),JRO
Tanzania,Mbeya Mbeya Airport(MBI),MBI
Tanzania,Zanzibar Abeid Amani Karume International Airport(ZNZ),ZNZ
Thailand,Bangkok Suvarnabhumi International Airport(BKK),BKK
Thailand,Chiang Mai Chiang Mai International Airport(CNX),CNX
Thailand,Chiang Rai Mae Fah Luang International Airport(CEI),CEI
Thailand,Hat Yai Hat Yai International Airport(HDY),HDY
Thailand,Khon Kaen Khon Kaen Airport(KKC),KKC
Thailand,Ko Samui Ko Samui Airport(USM),USM
Thailand,Krabi Krabi Airport(KBV),KBV
Thailand,Lampang Lampang Airport(LPT),LPT
Thailand,Mae Hong Son Mae Hong Son Airport(HGN),HGN
Thailand,Phuket Phuket International Airport(HKT),HKT
Thailand,Sukhothai Sukhothai Airport(THS),THS
Thailand,Trat Trat Airport(TDX),TDX
Thailand,Ubon Ratchathani Ubon Ratchathani Airport(UBP),UBP
Thailand,Utapao U-Tapao Airport(UTP),UTP
Togo,Lome Lome-Tokoin Airport(LFW),LFW
Tonga,Nuku'Alofa Nuku'Alofa Airport(TBU),TBU
Trinidad and Tobago,Port of Spain Piarco International Airport(POS),POS
Tunisia,Djerba Djerba Airport(DJE),DJE
Tunisia,Tunis Tunis (All) (2 Airports),TUN
Tunisia,Tunis Tunis Carthage Airport(TUN),TUN
Turkish Republic of Northern Cyprus,Lefkosa Ercan International Airport(ECN),ECN
Turkish Republic of Northern Cyprus,Paphos Paphos Airport(PFO),PFO
Türkiye,Adiyaman Adiyaman Airport(ADF),ADF
Türkiye,Agrı Agri Airport(AJI),AJI
Türkiye,Amasya Amasya Merzifon Airport(MZH),MZH
Türkiye,Ankara Ankara Esenboga Airport(ESB),ESB
Türkiye,Antalya Antalya Airport(AYT),AYT
Türkiye,Antalya Gazipasa Alanya Airport(GZP),GZP
Türkiye,Balikesir - Edremit Koca Seyit Airport(EDO),EDO
Türkiye,Batman Batman Airport(BAL),BAL
Türkiye,Bingol Bingol Airport(BGG),BGG
Türkiye,Bursa Bursa Yenisehir Airport(YEI),YEI
Türkiye,Canakkale Canakkale Airport(CKZ),CKZ
Türkiye,Çukurova Cukurova International Airport(COV),COV
Türkiye,Denizli Denizli Cardak Airport(DNZ),DNZ
Türkiye,Diyarbakir Diyarbakir Airport(DIY),DIY
Türkiye,Elazig Elazig Airport(EZS),EZS
Türkiye,Erzincan Erzincan Yıldırım Akbulut Airport(ERC),ERC
Türkiye,Erzurum Erzurum Airport(ERZ),ERZ
Türkiye,Eskisehir Hasan Polatkan Airport(AOE),AOE
Türkiye,Gaziantep Gaziantep Airport(GZT),GZT
Türkiye,Hakkari Yüksekova Airport(YKO),YKO
Türkiye,Hatay Hatay Airport(HTY),HTY
Türkiye,Igdir Igdir Sehit Bulent Aydin Airport(IGD),IGD
Türkiye,Isparta Isparta Suleyman Demirel Airport(ISE),ISE
Türkiye,Istanbul Istanbul (All) (2 Airports),IST
Türkiye,Istanbul Istanbul Airport(IST),IST
Türkiye,Istanbul Sabiha Gokcen Airport(SAW),SAW
Türkiye,Izmir Izmir Adnan Menderes Airport(ADB),ADB
Türkiye,Kahramanmaras Kahramanmaras Airport(KCM),KCM
Türkiye,Kars Kars Harakani Airport(KSY),KSY
Türkiye,Kastamonu Kastamonu Airport(KFS),KFS
Türkiye,Kayseri Kayseri Airport(ASR),ASR
Türkiye,Konya Konya Airport(KYA),KYA
Türkiye,Kutahya Zafer Airport(KZR),KZR
Türkiye,Malatya Malatya Airport(MLX),MLX
Türkiye,Mardin Mardin Prof. Dr. Aziz Sancar Airport(MQM),MQM
Türkiye,Muğla-Bodrum Milas-Bodrum Airport(BJV),BJV
Türkiye,Muğla-Dalaman Dalaman Airport(DLM),DLM
Türkiye,Mus Mus Airport(MSR),MSR
Türkiye,Nevsehir Nevsehir Kapadokya Airport(NAV),NAV
Türkiye,Ordu-Giresun Ordu-Giresun Airport(OGU),OGU
Türkiye,Rize Rize Artvin Airport(RZV),RZV
Türkiye,Samsun Samsun Carsamba Airport(SZF),SZF
Türkiye,Sanliurfa Sanliurfa GAP Airport(GNY),GNY
Türkiye,Siirt Siirt Airport(SXZ),SXZ
Türkiye,Sinop Sinop Airport(NOP),NOP
Türkiye,Sirnak Sirnak Serafettin Elci Airport(NKT),NKT
Türkiye,Sivas Sivas Nuri Demirag Airport(VAS),VAS
Türkiye,Tokat Tokat Airport(TJK),TJK
Türkiye,Trabzon Trabzon Airport(TZX),TZX
Türkiye,Usak Usak Airport(USQ),USQ
Türkiye,Van Van Ferit Melen Airport(VAN),VAN
Türkiye,Zonguldak Zonguldak Airport(ONQ),ONQ
Turkmenistan,Ashgabat Ashgabat International Airport(ASB),ASB
Turkmenistan,Turkmenabat Turkmenabat International Airport(CRZ),CRZ
Turkmenistan,Turkmenbashi Turkmenbashi International Airport(KRW),KRW
Turks and Caicos Islands,Providenciales Providenciales International Airport(PLS),PLS
Uganda,Entebbe Entebbe International Airport(EBB),EBB
Ukraine,Kharkiv Kharkiv International Airport(HRK),HRK
Ukraine,Kherson Kherson Airport(KHE),KHE
Ukraine,Kyiv Kyiv (All) (2 Airports),KBP
Ukraine,Kyiv Kyiv Zhuliany International Airport(IEV),IEV
Ukraine,Kyiv Kyiv Borispol Airport(KBP),KBP
Ukraine,Lviv Lviv Danylo Halytskyi International Airport(LWO),LWO
Ukraine,Mykolaiv Mykolaiv International Airport(NLV),NLV
Ukraine,Odesa Odesa International Airport(ODS),ODS
Ukraine,Zaporizhzhia Zaporizhzhia International Airport(OZH),OZH
United Arab Emirates,Abu Dhabi Abu Dhabi International Airport(AUH),AUH
United Arab Emirates,Al Ain Al Ain International Airport(AAN),AAN
United Arab Emirates,Dubai Dubai International Airport(DXB),DXB
United Arab Emirates,Sharjah Sharjah Airport(SHJ),SHJ
United Kingdom,Aberdeen Aberdeen Dyce Airport(ABZ),ABZ
United Kingdom,Bath Knoxville Downtown Island Airport(QQX),QQX
United Kingdom,Belfast Belfast George Best City Airport(BHD),BHD
United Kingdom,Birmingham Birmingham Airport(BHX),BHX
United Kingdom,Bosham Bosham Railway Station(BOH),BOH
United Kingdom,Bridgwater Bridgwater Railway Station(UBW),UBW
United Kingdom,Brighton Brighton Railway Station(BSH),BSH
United Kingdom,Bristol Bristol Parkway Railway Station(BPR),BPR
United Kingdom,Bristol Bristol Temple Meads Railway Station(TPB),TPB
United Kingdom,Bristol Bristol Airport(BRS),BRS
United Kingdom,Calabasas Calblack Airport(CLB),CLB
United Kingdom,Cambridge Cambridge Railway Station(CBG),CBG
United Kingdom,Cardiff Cardiff Central Railway Station(CFW),CFW
United Kingdom,Cardiff Cardiff Airport(CWL),CWL
United Kingdom,Coventry Coventry Railway Station(CVT),CVT
United Kingdom,Durham Teesside International Airport(MME),MME
United Kingdom,Edinburgh Edinburgh Airport(EDI),EDI
United Kingdom,Emerald Emerald Airport(EMD),EMD
United Kingdom,Exeter Exeter Railway Station(EXS),EXS
United Kingdom,Falmouth Falmouth Railway Station(UFM),UFM
United Kingdom,Glasgow Glasgow International Airport(GLA),GLA
United Kingdom,Gloucester Gloucester Railway Station(GLO),GLO
United Kingdom,Hereford Hereford Railway Station(HFH),HFH
United Kingdom,High Wycombe Air Park/Booker Airport(HYC),HYC
United Kingdom,Inverness Inverness Airport(INV),INV
United Kingdom,Isle of Man Isle of Man Airport(IOM),IOM
United Kingdom,Jakar Bathpalathang Airport(BUT),BUT
United Kingdom,Jiuquan Jiuhuang Airport (CHW),CHW
United Kingdom,London London (All) (4 Airports),STN
United Kingdom,London Gatwick Airport(LGW),LGW
United Kingdom,London Heathrow Airport(LHR),LHR
United Kingdom,London London Stansted Airport(STN),STN
United Kingdom,Manchester Manchester Airport(MAN),MAN
United Kingdom,Milton Keynes Milton Keynes Central Railway Station(KYN),KYN
United Kingdom,Newcastle Newcastle International Airport(NCL),NCL
United Kingdom,Newport Newport Railway Station(XNE),XNE
United Kingdom,Orkney Islands Kirkwall Airport(KOI),KOI
United Kingdom,Oxford Oxford Railway Station(OXQ),OXQ
United Kingdom,Par Par Railway Station(PCW),PCW
United Kingdom,Penzance Penzance Railway Station(PZE),PZE
United Kingdom,Plymouth Plymouth Railway Station(PLH),PLH
United Kingdom,Polk Inlet POQ(POQ),POQ
United Kingdom,Rajasthan Renwal Railway Station(RNW),RNW
United Kingdom,Shetland Islands Sumburgh Airport(LSI),LSI
United Kingdom,Southampton Southampton Airport(SOU),SOU
United Kingdom,St. Austell St. Austell Railway Station(USX),USX
United Kingdom,Stornoway Stornoway Airport(SYY),SYY
United Kingdom,Swansea Swansea Railway Station(SWS),SWS
United Kingdom,Swindon Swindon Railway Station(XWS),XWS
United Kingdom,Taunton Taunton Railway Station(TTY),TTY
United Kingdom,Windsor Windsor-Eton Railway Station(WNC),WNC
United Kingdom,Worcester Worcester Railway Station(UWC),UWC
United States,Akron/Canton Akron Fulton International Airport(CAK),CAK
United States,Albany Albany International Airport(ALB),ALB
United States,Albuquerque International Sunport Airport(ABQ),ABQ
United States,Alexandria Alexandria International Airport(AEX),AEX
United States,Allentown Lehigh Valley International Airport(ABE),ABE
United States,Amarillo Rick Husband International Airport(AMA),AMA
United States,Anchorage Ted Stevens International Airport(ANC),ANC
United States,Appleton Outagamie County Regional Airport(ATW),ATW
United States,Arcata-Eureka Arcata Airport(ACV),ACV
United States,Asheville/Hendersonville Asheville Regional Airport(AVL),AVL
United States,Aspen Pitkin County Airport(ASE),ASE
United States,Atlanta Atlanta Hartsfield-Jackson Airport(ATL),ATL
United States,Austin Austin-Bergstrom International Airport(AUS),AUS
United States,Bakersfield Meadows Field Airport(BFL),BFL
United States,Bangor Bangor International Airport(BGR),BGR
United States,Baton Rouge Metropolitan-Ryan Field Airport(BTR),BTR
United States,Beaumont-Port Arthur Jack Brooks Regional Airport(BPT),BPT
United States,Bellingham Bellingham Airport(BLI),BLI
United States,Bethel Bethel Airport(BET),BET
United States,Billings Logan International Airport(BIL),BIL
United States,Binghamton Greater Binghamton Airport(BGM),BGM
United States,Birmingham Shuttlesworth International Airport(BHM),BHM
United States,Bismarck Bismarck Municipal Airport(BIS),BIS
United States,Boise Boise Air Terminal (Gowen Field)(BOI),BOI
United States,Boston Boston Logan International Airport(BOS),BOS
United States,Bozeman Yellowstone International Airport(BZN),BZN
United States,Brownsville South Padre Island International Airport(BRO),BRO
United States,Buffalo Buffalo Niagara International Airport(BUF),BUF
United States,Burbank Bob Hope Airport(BUR),BUR
United States,Burlington Burlington Airport(BTV),BTV
United States,Casper Natrona County International Airport(CPR),CPR
United States,Cedar Rapids The Eastern Iowa Airport(CID),CID
United States,Charleston Charleston Airport(CHS),CHS
United States,Charleston Yeager Airport(CRW),CRW
United States,Charlotte Charlotte Douglas International Airport(CLT),CLT
United States,Charlottesville Albemarle Airport(CHO),CHO
United States,Chattanooga Metropolitan Apt Airport(CHA),CHA
United States,Cheyenne Cheyenne Regional Airport(CYS),CYS
United States,Chicago O'Hare International Airport(ORD),ORD
United States,Chico Chico Municipal Airport(CIC),CIC
United States,Cincinnati Cincinnati Northern Kentucky International Airport(CVG),CVG
United States,Cleveland Cleveland Hopkins International Airport(CLE),CLE
United States,Cody Yellowstone Regional Airport(COD),COD
United States,College Station Easterwood Field(CLL),CLL
United States,Colorado Springs Colorado Springs Municipal Airport(COS),COS
United States,Columbia Columbia Metropolitan Airport(CAE),CAE
United States,Columbus Port Columbus International Airport(CMH),CMH
United States,Corpus Christi Corpus Christi International Airport(CRP),CRP
United States,Crescent City Del Norte County Regional Airport(CEC),CEC
United States,Dallas Dallas Fort Worth International Airport(DFW),DFW
United States,Dallas-Fort Worth Dallas-Fort Worth (All) (2 Airports),DAL
United States,Dallas-Fort Worth Love Field Airport(DAL),DAL
United States,Dayton Dayton International Airport(DAY),DAY
United States,Daytona Beach Daytona Beach International Airport(DAB),DAB
United States,Decatur Decatur Airport(DEC),DEC
United States,Del Rio Del Rio International Airport(DRT),DRT
United States,Denver Denver International Airport(DEN),DEN
United States,Des Moines Des Moines International Airport(DSM),DSM
United States,Destin/Fort Walton Beach Destin-Fort Walton Beach Airport(VPS),VPS
United States,Detroit Detroit Wayne County Airport(DTW),DTW
United States,Devils Lake Devils Lake Reg. Airport(DVL),DVL
United States,Dickinson T.Roosevelt Regional Airport(DIK),DIK
United States,Dillingham Dillingham Airport(DLG),DLG
United States,Dodge City Dodge City Reg. Airport(DDC),DDC
United States,Durango La Plata County Airport(DRO),DRO
United States,Eagle Eagle County Regional Airport(EGE),EGE
United States,Eau Claire Chippewa Valley Regional Airport(EAU),EAU
United States,El Paso El Paso International Airport(ELP),ELP
United States,Erie Erie International Airport(ERI),ERI
United States,Eugene Mahlon Sweet Field(EUG),EUG
United States,Evansville Evansville Regional Airport(EVV),EVV
United States,Fairbanks Fairbanks International Airport(FAI),FAI
United States,Fargo Hector International Airport(FAR),FAR
United States,Fayetteville/Springdale Northwest Arkansas Regional Airport(XNA),XNA
United States,Fayetteville Fayetteville Regional Airport (Grannis Field)(FAY),FAY
United States,Flint Bishop International Airport(FNT),FNT
United States,Fort Lauderdale Fort Lauderdale–Hollywood International Airport(FLL),FLL
United States,Fort Myers Fort Myers Airport(RSW),RSW
United States,Fort Wayne Fort Wayne International Airport(FWA),FWA
United States,Fresno Yosemite International Airport(FAT),FAT
United States,Gillette Campbell County Airport(GCC),GCC
United States,Grand Junction Grand Junction Regional Airport(GJT),GJT
United States,Grand Rapids Gerald R. Ford International Airport(GRR),GRR
United States,Great Falls Great Falls International Airport(GTF),GTF
United States,Green Bay Austin Straubel International Airport(GRB),GRB
United States,Greensboro/High Point Piedmont Triad International Airport(GSO),GSO
United States,Greenville Greenville International Airport(GSP),GSP
United States,Gulfport Gulfport/Biloxi International Airport(GPT),GPT
United States,Gunnison Gunnison-Crested Butte Airport(GUC),GUC
United States,Hancock Houghton County Memorial Airport(CMX),CMX
United States,Harlingen Valley International Airport(HRL),HRL
United States,Harrisburg Harrisburg International Airport(MDT),MDT
United States,Hartford Bradley International Airport(BDL),BDL
United States,Hayden Yampa Valley Airport(HDN),HDN
United States,Helena Helena Regional Airport(HLN),HLN
United States,Hilo Hilo International Airport(ITO),ITO
United States,Hilton Head Island Hilton Head Airport(HHH),HHH
United States,Hobbs Lea County Regional Airport(HOB),HOB
United States,Honolulu Honolulu International Airport(HNL),HNL
United States,Houston Houston (All) (2 Airports),HOU
United States,Houston William P. Hobby Airport(HOU),HOU
United States,Houston George Bush Intercontinental Airport(IAH),IAH
United States,Huntsville Huntsville International-Carl T. Jones Field(HSV),HSV
United States,Hyannis Barnstable Municipal Airport(HYA),HYA
United States,Idaho Falls Idaho Falls Regional Airport(IDA),IDA
United States,Imperial/El Centro Imperial County Airport(IPL),IPL
United States,Indianapolis Indianapolis International Airport(IND),IND
United States,Inyokern Inyokern Airport(IYK),IYK
United States,Ithaca Tompkins Regional Airport(ITH),ITH
United States,Jackson Jackson Hole Airport(JAC),JAC
United States,Jackson Medgar W. Evers International Airport(JAN),JAN
United States,Jacksonville Jacksonville International Airport(JAX),JAX
United States,Johnstown Johnstown Murtha-Cambria County Airport(JST),JST
United States,Juneau Juneau Airport(JNU),JNU
United States,Kahului Kahului Airport(OGG),OGG
United States,Kalamazoo Kalamazoo Airport(AZO),AZO
United States,Kalispell Kalispell Airport(FCA),FCA
United States,Kansas City Kansas City (All) (2 Airports),MCI
United States,Kansas City Kansas City International Airport(MCI),MCI
United States,Kansas City Kansas City C B Wheeler Downtown Airport(MKC),MKC
United States,Key West Key West International Airport(EYW),EYW
United States,Killeen/Fort Hood Killeen-Fort Hood Regional Airport(GRK),GRK
United States,King Salmon King Salmon Airport(AKN),AKN
United States,Klamath Falls Klamath Falls Airport(LMT),LMT
United States,Knoxville McGhee Tyson Airport(TYS),TYS
United States,Kona Keahole Airport(KOA),KOA
United States,Lafayette Lafayette Regional Airport(LFT),LFT
United States,Lake Charles Lake Charles Regional Airport(LCH),LCH
United States,Lansing Capital Region International Airport(LAN),LAN
United States,Laramie Laramie Regional Airport(LAR),LAR
United States,Laredo Laredo International Airport(LRD),LRD
United States,Las Vegas Las Vegas Mccarran International Airport(LAS),LAS
United States,Lewiston Lewiston Airport(LWS),LWS
United States,Lexington Blue Grass Airport(LEX),LEX
United States,Liberal Mid-America Regional Airport(LBL),LBL
United States,Lihue Lihue Airport(LIH),LIH
United States,Lincoln Lincoln Airport(LNK),LNK
United States,Little Rock Little Rock (All) (2 Airports),LIT
United States,Little Rock B. & H. Clinton National Airport(LIT),LIT
United States,Long Beach Longbeach Airport(LGB),LGB
United States,Los Angeles Los Angeles International Airport(LAX),LAX
United States,Louisville International-Standiford Field Airport(SDF),SDF
United States,Lubbock Preston Smith International Airport(LBB),LBB
United States,Madison Dane County Regional Airport(MSN),MSN
United States,Mammoth Lakes Mammoth Yosemite Airport(MMH),MMH
United States,Manchester Manchester-Boston Regional Airport(MHT),MHT
United States,Martha's Vineyard Martha's Vineyard Airport(MVY),MVY
United States,Mason City Mason City Municipal Airport(MCW),MCW
United States,Mc Allen Miller International Airport(MFE),MFE
United States,Medford Rogue Valley International Airport(MFR),MFR
United States,Memphis Memphis International Airport(MEM),MEM
United States,Miami Miami International Airport(MIA),MIA
United States,Midland Midland International Airport(MAF),MAF
United States,Milwaukee General Mitchell International Airport(MKE),MKE
United States,Minneapolis Minneapolis-Saint Paul International Airport(MSP),MSP
United States,Missoula Missoula International Airport(MSO),MSO
United States,Mobile Mobile Regional Airport(MOB),MOB
United States,Modesto Modesto City-County Airport(MOD),MOD
United States,Moline Quad City International Airport(MLI),MLI
United States,Monroe Monroe Regional Airport(MLU),MLU
United States,Monterey Monterey Regional Airport(MRY),MRY
United States,Montrose Montrose Regional Airport(MTJ),MTJ
United States,Myrtle Beach Myrtle Beach International Airport(MYR),MYR
United States,Nantucket Memorial Airport(ACK),ACK
United States,Nashville Nashville Airport(BNA),BNA
United States,New Orleans Louis Armstrong International Airport(MSY),MSY
United States,New York New York (All) (3 Airports),SWF
United States,New York Newark Liberty International Airport(EWR),EWR
United States,New York John F. Kennedy International Airport(JFK),JFK
United States,New York La Guardia Airport(LGA),LGA
United States,New York Stewart International Airport(SWF),SWF
United States,Norfolk Norfolk International Airport(ORF),ORF
United States,North Bend Southwest Oregon Regional Airport(OTH),OTH
United States,North Platte Regional (Lee Bird Fld) Airport(LBF),LBF
United States,Oakland Oakland International Airport(OAK),OAK
United States,Oklahoma City Will Rogers World Airport(OKC),OKC
United States,Omaha Eppley Airfield(OMA),OMA
United States,Ontario Ontario International Airport(ONT),ONT
United States,Orlando Orlando International Airport(MCO),MCO
United States,Paducah Barkley Regional Airport(PAH),PAH
United States,Palm Springs Palm Springs International Airport(PSP),PSP
United States,Panama City NW Florida Beaches International Airport(ECP),ECP
United States,Pasco Tri-Cities Airport(PSC),PSC
United States,Pensacola Pensacola International Airport(PNS),PNS
United States,Peoria General Downing International Airport(PIA),PIA
United States,Philadelphia Philadelphia International Airport(PHL),PHL
United States,Phoenix Phoenix Sky Harbor International Airport(PHX),PHX
United States,Pittsburgh Pittsburgh International Airport(PIT),PIT
United States,Portland Portland Airport(PDX),PDX
United States,Portland City Portland International Jet Airport(PWM),PWM
United States,Providence T.F. Green State Airport(PVD),PVD
United States,Prudhoe Bay/Deadhorse Deadhorse Airport(SCC),SCC
United States,Pullman/Moscow Pullman Airport(PUW),PUW
United States,Raleigh Durham Raleigh–Durham International Airport(RDU),RDU
United States,Rapid City Rapid City Regional Airport(RAP),RAP
United States,Redding Redding Municipal Airport(RDD),RDD
United States,Redmond/Bend Roberts Field Airport(RDM),RDM
United States,Reno Reno-Tahoe International Airport(RNO),RNO
United States,Richmond Richmond International Airport(RIC),RIC
United States,Roanoke Roanoke Regional Airport (Woodrum Field)(ROA),ROA
United States,Rochester Rochester International Airport(ROC),ROC
United States,Rock Springs Sweetwater County Airport(RKS),RKS
United States,Sacramento Sacramento International Airport(SMF),SMF
United States,Saginaw/Midland/Bay City MBS International Airport(MBS),MBS
United States,Salina Salina Airport(SLN),SLN
United States,Salt Lake City Salt Lake City International Airport(SLC),SLC
United States,San Antonio San Antonio International Airport(SAT),SAT
United States,San Diego San Diego International Airport(SAN),SAN
United States,San Francisco San Francisco International Airport(SFO),SFO
United States,San Jose Norman Y. Mineta International Airport(SJC),SJC
United States,San Luis Obispo San Luis County Regional Airport(SBP),SBP
United States,Santa Ana John Wayne Airport(SNA),SNA
United States,Santa Barbara Santa Barbara Municipal Airport(SBA),SBA
United States,Santa Fe Santa Fe Municipal Airport(SAF),SAF
United States,Santa Maria Santa Maria Public Airport(SMX),SMX
United States,Santa Rosa Charles M. Schulz Airport(STS),STS
United States,Sarasota-Bradenton Sarasota-Bradenton International Airport(SRQ),SRQ
United States,Savannah Hilton Head International Airport(SAV),SAV
United States,Seattle Seattle Tacoma International Airport(SEA),SEA
United States,Sheridan Sheridan County Airport(SHR),SHR
United States,Shreveport Shreveport Regional Airport(SHV),SHV
United States,Sioux Falls Joe Foss Field(FSD),FSD
United States,Sitka Rocky Gutierrez Airport(SIT),SIT
United States,South Bend South Bend International Airport(SBN),SBN
United States,Springfield Springfield-Branson National Airport(SGF),SGF
United States,Springfield Abraham Lincoln Capital Airport(SPI),SPI
United States,St. George St. George Regional Airport(SGU),SGU
United States,St. Louis Lambert-St. Louis International Airport(STL),STL
United States,State College University Park Airport(SCE),SCE
United States,Staunton/Waynesboro Shenandoah Valley Regional Airport(SHD),SHD
United States,Syracuse Hancock International Airport(SYR),SYR
United States,Tampa Tampa International Airport(TPA),TPA
United States,Traverse City Cherry Capital Airport(TVC),TVC
United States,Tucson Tucson International Airport(TUS),TUS
United States,Tulsa Tulsa International Airport(TUL),TUL
United States,Tyler Pounds Regional Airport(TYR),TYR
United States,Victoria Victoria Regional Airport(VCT),VCT
United States,Waco Waco Regional Airport(ACT),ACT
United States,Walla Walla Walla Walla Airport(ALW),ALW
United States,Washington DC Washington DC (All) (3 Airports),BWI
United States,Washington DC Baltimore Washington International Airport(BWI),BWI
United States,Washington DC Ronald Reagan National Airport(DCA),DCA
United States,Washington DC Dulles International Airport(IAD),IAD
United States,Wausau Central Wisconsin Havalimanı(CWA),CWA
United States,Wenatchee Wenatchee Airport(EAT),EAT
United States,West Palm Beach Palm Beach International Airport(PBI),PBI
United States,White Plains Westchester County Airport(HPN),HPN
United States,Wichita Dwight D. Eisenhower National Airport(ICT),ICT
United States,Wilkes-Barre/Scranton Wilkes-Barre/Scranton International Airport(AVP),AVP
United States,Williston Sloulin Field International Airport(ISN),ISN
United States,Wilmington Wilmington International Airport(ILM),ILM
United States,Worcester Worcester Regional Airport(ORH),ORH
United States,Wrangell Wrangell Airport(WRG),WRG
United States,Yakima Yakima Airport(YKM),YKM
United States,Yuma Yuma International Airport(YUM),YUM
Uruguay,Montevideo Carrasco Airport(MVD),MVD
Uruguay,Punta del Este Carlos A. Curbelo International Airport(PDP),PDP
Uzbekistan,Bukhara Bukhara Airport(BHK),BHK
Uzbekistan,Fergana Fergana Airport(FEG),FEG
Uzbekistan,Samarkand Samarkand International Airport(SKD),SKD
Uzbekistan,Tashkent Tashkent International Airport(TAS),TAS
Uzbekistan,Termez Termez Airport(TMJ),TMJ
Uzbekistan,Urgench Urgench Airport(UGC),UGC
Vanuatu,Longana Longana Airport(LOD),LOD
Venezuela,Barcelona J.A. Anzoategui International Airport(BLA),BLA
Venezuela,Caracas Simon Bolivar International Airport(CCS),CCS
Venezuela,Maracaibo La Chinita International Airport(MAR),MAR
Venezuela,Valencia Arturo Michelena International Airport(VLN),VLN
Vietnam,Buon Ma Thuot Buon Ma Thuot Airport(BMV),BMV
Vietnam,Dalat Dalat Airport(DLI),DLI
Vietnam,Da Nang Da Nang International Airport(DAD),DAD
Vietnam,Dong Hoi Dong Hoi Airport(VDH),VDH
Vietnam,Haiphong Haiphong Airport(HPH),HPH
Vietnam,Hanoi Noi Bai International Airport(HAN),HAN
Vietnam,Ho Chi Minh City Tan Son Nhat International Airport(SGN),SGN
Vietnam,Huế Phu Bai International Airport(HUI),HUI
Vietnam,Nha Trang Nha Trang Cam Ranh Airport(CXR),CXR
Vietnam,Phu Quoc Phuquoc Airport(PQC),PQC
Vietnam,Qui Nhon Phu Cat Airport(UIH),UIH
Vietnam,Thanh Hoa Tho Xuan Airport(THD),THD
Vietnam,Tuy Hoa Dong Tac Airport(TBB),TBB
Vietnam,Vinh Vinh Airport(VII),VII
"Virgin Islands, US",Charlotte Cyril E. King Airport(STT),STT
Western Sahara,Dakhla Dakhla Airport(VIL),VIL
Zambia,Livingstone Livingstone Airport(LVI),LVI
Zambia,Lusaka Kenneth Kaunda International Havaalanı(LUN),LUN
Zambia,Ndola Ndola Airport(NLA),NLA
Zimbabwe,Bulawayo Joshua Mqabuko Nkomo International Airport(BUQ),BUQ
Zimbabwe,Harare Harare International Airport(HRE),HRE
Zimbabwe,Victoria Falls Victoria Falls Airport(VFA),VFA
